"","Palavra","Dimensao","Media","DP"
"1","ABALADO","Valencia",2.58,1.81
"2","ABALADO","Ativacao",5.11,2.82
"3","ABANDONADO","Valencia",1.85,1.7
"4","ABANDONADO","Ativacao",5.48,2.49
"5","ABDUÇÃO","Valencia",5,1.85
"6","ABDUÇÃO","Ativacao",3.36,2.14
"7","ABELHAS","Valencia",4.58,2.45
"8","ABELHAS","Ativacao",4.38,2.83
"9","ABENÇOADO","Valencia",8.03,1.84
"10","ABENÇOADO","Ativacao",3.19,3.03
"11","ABORTO","Valencia",1.67,1.37
"12","ABORTO","Ativacao",6.42,2.93
"13","ABRAÇAR","Valencia",8.63,1.2
"14","ABRAÇAR","Ativacao",4.3,3.34
"15","ABRAÇO","Valencia",8.77,0.75
"16","ABRAÇO","Ativacao",3.38,3
"17","ABRASADOR","Valencia",5.43,1.91
"18","ABRASADOR","Ativacao",3.53,2.49
"19","ABRIGADO","Valencia",7.61,1.98
"20","ABRIGADO","Ativacao",3.21,2.41
"21","ABSURDO","Valencia",2.79,2.12
"22","ABSURDO","Ativacao",5.81,2.74
"23","ABUNDÂNCIA","Valencia",6.94,2.05
"24","ABUNDÂNCIA","Ativacao",4.19,2.48
"25","ABUSO","Valencia",2.76,2.65
"26","ABUSO","Ativacao",6.5,2.65
"27","ACALMAR","Valencia",7.23,1.81
"28","ACALMAR","Ativacao",2.68,2.05
"29","ACANHADO","Valencia",3.89,2.01
"30","ACANHADO","Ativacao",5.03,2.75
"31","ACASO","Valencia",6.17,2.1
"32","ACASO","Ativacao",4.28,2.48
"33","ACEITAÇÃO","Valencia",7.21,2.16
"34","ACEITAÇÃO","Ativacao",4.63,2.94
"35","ACIDENTE","Valencia",1.67,1.63
"36","ACIDENTE","Ativacao",6.98,3.02
"37","ACONCHEGANTE","Valencia",8.29,1.69
"38","ACONCHEGANTE","Ativacao",3.76,2.94
"39","ACONCHEGO","Valencia",8.4,1.01
"40","ACONCHEGO","Ativacao",2.68,2.67
"41","ACORDO","Valencia",6.89,2.01
"42","ACORDO","Ativacao",3.37,2.25
"43","AÇÚCAR","Valencia",7.04,1.71
"44","AÇÚCAR","Ativacao",3.91,2.58
"45","ADAGA","Valencia",4.32,2.3
"46","ADAGA","Ativacao",4.27,2.46
"47","ADMIRADO","Valencia",7.67,1.53
"48","ADMIRADO","Ativacao",4.49,2.82
"49","ADORÁVEL","Valencia",8.24,1.57
"50","ADORÁVEL","Ativacao",4,3.26
"51","ADULTO","Valencia",6.49,1.99
"52","ADULTO","Ativacao",3.75,2.46
"53","AFEIÇÃO","Valencia",7.82,1.9
"54","AFEIÇÃO","Ativacao",3.84,2.89
"55","AFINAR","Valencia",5.8,1.54
"56","AFINAR","Ativacao",3.65,2.09
"57","AFOGAR","Valencia",2.53,2.26
"58","AFOGAR","Ativacao",6.24,2.61
"59","AGILIDADE","Valencia",7.5,1.58
"60","AGILIDADE","Ativacao",5.33,2.84
"61","AGONIA","Valencia",2.05,1.97
"62","AGONIA","Ativacao",6.61,2.7
"63","AGRADÁVEL","Valencia",8.15,1.25
"64","AGRADÁVEL","Ativacao",3.18,2.49
"65","AGRADECIDO","Valencia",8.42,1.52
"66","AGRADECIDO","Ativacao",3.32,2.98
"67","AGRESSIVO","Valencia",1.89,1.66
"68","AGRESSIVO","Ativacao",6.67,2.99
"69","ÁGUA","Valencia",8.35,1.4
"70","ÁGUA","Ativacao",3,2.9
"71","AGULHA","Valencia",4.04,1.98
"72","AGULHA","Ativacao",4.93,2.54
"73","ALCOÓLICO","Valencia",2.76,2.84
"74","ALCOÓLICO","Ativacao",6.34,2.68
"75","ALEGRE","Valencia",8.44,1.07
"76","ALEGRE","Ativacao",4.04,2.97
"77","ALEGRIA","Valencia",8.61,1.46
"78","ALEGRIA","Ativacao",4.87,3.44
"79","ALERGIA","Valencia",4.02,3.31
"80","ALERGIA","Ativacao",5.2,3
"81","ALERTA","Valencia",6.08,2.42
"82","ALERTA","Ativacao",5.08,2.94
"83","ALERTO","Valencia",5.67,2.06
"84","ALERTO","Ativacao",4.95,2.64
"85","ALIMENTO","Valencia",8.26,1.27
"86","ALIMENTO","Ativacao",3.61,3.07
"87","ALVORECER","Valencia",6.24,2.38
"88","ALVORECER","Ativacao",3.09,2.22
"89","AMABILIDADE","Valencia",7.68,2.04
"90","AMABILIDADE","Ativacao",3.5,2.96
"91","AMADO","Valencia",8.31,1.39
"92","AMADO","Ativacao",3.49,3
"93","AMARELO","Valencia",6.76,2.29
"94","AMARELO","Ativacao",3.11,2.38
"95","AMÁVEL","Valencia",8.09,1.6
"96","AMÁVEL","Ativacao",3.4,2.88
"97","AMBIÇÃO","Valencia",5,3.08
"98","AMBIÇÃO","Ativacao",5.92,3
"99","AMBULÂNCIA","Valencia",2.47,2.28
"100","AMBULÂNCIA","Ativacao",6.3,3
"101","AMEAÇA","Valencia",1.87,1.68
"102","AMEAÇA","Ativacao",6.71,2.73
"103","AMIGÁVEL","Valencia",8.25,1.34
"104","AMIGÁVEL","Ativacao",3.36,2.93
"105","AMIGO","Valencia",8.74,0.79
"106","AMIGO","Ativacao",3.68,3.24
"107","AMOR","Valencia",8.75,0.89
"108","AMOR","Ativacao",4.39,3.57
"109","ANGUSTIADO","Valencia",2.22,1.9
"110","ANGUSTIADO","Ativacao",6.65,2.32
"111","ANIMAÇÃO","Valencia",8.33,1.43
"112","ANIMAÇÃO","Ativacao",4.64,3.03
"113","ANIVERSÁRIO","Valencia",8.39,1.22
"114","ANIVERSÁRIO","Ativacao",4.71,3.34
"115","ANJO","Valencia",8.06,1.59
"116","ANJO","Ativacao",2.45,2.16
"117","ANSEIO","Valencia",5.11,2.48
"118","ANSEIO","Ativacao",5.18,2.5
"119","ANSIOSO","Valencia",3.5,2.44
"120","ANSIOSO","Ativacao",7.05,2.44
"121","APARELHO","Valencia",6,2.29
"122","APARELHO","Ativacao",3.13,2.58
"123","APÁTICO","Valencia",3.21,2.02
"124","APÁTICO","Ativacao",4.93,2.69
"125","APLAUSO","Valencia",8.21,1.17
"126","APLAUSO","Ativacao",4.95,3.25
"127","APRENDER","Valencia",7.86,1.81
"128","APRENDER","Ativacao",4.78,3.03
"129","AR","Valencia",8.39,1.24
"130","AR","Ativacao",2.57,2.72
"131","ARANHA","Valencia",3.49,2.26
"132","ARANHA","Ativacao",5.62,2.85
"133","ARMA","Valencia",2.24,2.5
"134","ARMA","Ativacao",6.97,2.5
"135","ARMAMENTO","Valencia",2.17,1.65
"136","ARMAMENTO","Ativacao",6.45,2.97
"137","ARMÁRIO","Valencia",6.11,1.72
"138","ARMÁRIO","Ativacao",3.21,2.2
"139","ARREPENDIDO","Valencia",3.46,2.46
"140","ARREPENDIDO","Ativacao",5.2,2.64
"141","ARROGANTE","Valencia",2.05,1.9
"142","ARROGANTE","Ativacao",6.32,2.77
"143","ARRUMADO","Valencia",7.78,1.82
"144","ARRUMADO","Ativacao",3.24,2.39
"145","COMPROMETIDO","Valencia",6.33,2.53
"146","COMPROMETIDO","Ativacao",4.65,3.08
"147","COMPUTADOR","Valencia",6.62,1.98
"148","COMPUTADOR","Ativacao",4.66,2.62
"149","CONCENTRADO","Valencia",6.71,2.14
"150","CONCENTRADO","Ativacao",4.1,2.87
"151","CONFIANÇA","Valencia",7.97,2.08
"152","CONFIANÇA","Ativacao",4.67,3.31
"153","CONFIANTE","Valencia",7.42,1.99
"154","CONFIANTE","Ativacao",4.64,3.09
"155","CONFORTO","Valencia",8.03,1.53
"156","CONFORTO","Ativacao",4.17,3.12
"157","CONFUSO","Valencia",2.54,1.61
"158","CONFUSO","Ativacao",5.83,3
"159","CONHECIMENTO","Valencia",8.29,1.32
"160","CONHECIMENTO","Ativacao",5.08,3.32
"161","CÔNJUGE","Valencia",6.02,2.52
"162","CÔNJUGE","Ativacao",4.23,3.18
"163","CONSOLADO","Valencia",5.36,2.11
"164","CONSOLADO","Ativacao",3.55,2.44
"165","CONSTRANGIDO","Valencia",2.96,1.41
"166","CONSTRANGIDO","Ativacao",5.15,2.73
"167","CONTENTAMENTO","Valencia",6.72,2.33
"168","CONTENTAMENTO","Ativacao",4.18,2.84
"169","CONTEÚDO","Valencia",7.04,1.87
"170","CONTEÚDO","Ativacao",3.81,2.6
"171","CONTEXTO","Valencia",5.36,1.56
"172","CONTEXTO","Ativacao",3.99,2.32
"173","CONTINÊNCIA","Valencia",4.4,1.91
"174","CONTINÊNCIA","Ativacao",3.81,2.69
"175","CONTROLE","Valencia",5.75,2.28
"176","CONTROLE","Ativacao",5.04,2.65
"177","COR","Valencia",7.65,1.63
"178","COR","Ativacao",3.48,2.94
"179","CORAÇÃO","Valencia",7.73,1.93
"180","CORAÇÃO","Ativacao",4.88,3.17
"181","CORAGEM","Valencia",7.96,1.65
"182","CORAGEM","Ativacao",5.19,3.01
"183","CORDA","Valencia",4.53,1.72
"184","CORDA","Ativacao",3.96,2.36
"185","CORDEIRO","Valencia",5.56,2.05
"186","CORDEIRO","Ativacao",2.58,2.29
"187","COROA","Valencia",5.58,1.94
"188","COROA","Ativacao",3.76,2.37
"189","CORPO","Valencia",6.94,2.34
"190","CORPO","Ativacao",4.67,2.79
"191","CORREDOR","Valencia",5.3,1.76
"192","CORREDOR","Ativacao",4.27,2.54
"193","CORRUPTO","Valencia",1.63,1.18
"194","CORRUPTO","Ativacao",6.04,3.11
"195","CORTE","Valencia",3.3,1.81
"196","CORTE","Ativacao",5.09,2.69
"197","CORTESIA","Valencia",8.02,1.42
"198","CORTESIA","Ativacao",3.6,2.96
"199","CORTIÇA","Valencia",5,1.32
"200","CORTIÇA","Ativacao",3.68,2.31
"201","CORTINAS","Valencia",5.88,1.84
"202","CORTINAS","Ativacao",2.42,2.04
"203","CORUJA","Valencia",5.68,1.86
"204","CORUJA","Ativacao",3.57,2.39
"205","COSTA","Valencia",5.54,1.92
"206","COSTA","Ativacao",3.5,2.58
"207","COSTUME","Valencia",5.42,1.82
"208","COSTUME","Ativacao",3.87,2.45
"209","COTOVELO","Valencia",4.88,1.72
"210","COTOVELO","Ativacao",2.4,2.02
"211","COVARDE","Valencia",2.51,1.77
"212","COVARDE","Ativacao",5.45,2.66
"213","COZINHEIRO","Valencia",6.79,2
"214","COZINHEIRO","Ativacao",3.4,2.8
"215","CREPÚSCULO","Valencia",5.34,2.06
"216","CREPÚSCULO","Ativacao",4.28,2.54
"217","CRIANÇA","Valencia",7.92,1.83
"218","CRIANÇA","Ativacao",4.08,3.04
"219","CRIME","Valencia",1.72,1.55
"220","CRIME","Ativacao",6.45,3
"221","CRIMINOSO","Valencia",1.75,1.63
"222","CRIMINOSO","Ativacao",6.27,2.98
"223","CRISE","Valencia",2.31,1.73
"224","CRISE","Ativacao",5.97,2.73
"225","CRU","Valencia",3.58,2.18
"226","CRU","Ativacao",3.1,2.69
"227","CRUCIFICAR","Valencia",2.36,1.62
"228","CRUCIFICAR","Ativacao",5.32,2.97
"229","CRUEL","Valencia",1.67,1.39
"230","CRUEL","Ativacao",5.58,3.1
"231","CULINÁRIA","Valencia",7.03,2.23
"232","CULINÁRIA","Ativacao",4.51,3.05
"233","CULPADO","Valencia",2.27,1.57
"234","CULPADO","Ativacao",5.19,2.84
"235","CUPIM","Valencia",2.99,1.85
"236","CUPIM","Ativacao",4.56,3.03
"237","CURAR","Valencia",7.83,1.74
"238","CURAR","Ativacao",4.42,3.09
"239","CURIOSO","Valencia",6.77,1.82
"240","CURIOSO","Ativacao",5.48,2.57
"241","DÁDIVA","Valencia",7.73,1.75
"242","DÁDIVA","Ativacao",3.31,2.81
"243","DANÇARINO","Valencia",6.7,2.2
"244","DANÇARINO","Ativacao",4.33,3.09
"245","DANO","Valencia",2.32,1.78
"246","DANO","Ativacao",4.72,2.69
"247","DÉBIL","Valencia",3.13,1.83
"248","DÉBIL","Ativacao",3.86,2.55
"249","DÉBITO","Valencia",2.47,1.82
"250","DÉBITO","Ativacao",5.3,2.84
"251","DECEPCIONAR","Valencia",1.76,1.28
"252","DECEPCIONAR","Ativacao",6.09,2.7
"253","DECOMPOR","Valencia",3.94,2.06
"254","DECOMPOR","Ativacao",2.92,2.24
"255","DECORAR","Valencia",6.22,2.78
"256","DECORAR","Ativacao",4.72,2.9
"257","DEDO","Valencia",5.75,1.87
"258","DEDO","Ativacao",2.56,2.31
"259","DEFEITO","Valencia",3.15,1.99
"260","DEFEITO","Ativacao",5.17,2.54
"261","DEFICIENTE","Valencia",3.13,1.91
"262","DEFICIENTE","Ativacao",4.13,2.92
"263","DEFORMADO","Valencia",2.43,1.78
"264","DEFORMADO","Ativacao",4.95,2.89
"265","DELEITE","Valencia",5.53,2.14
"266","DELEITE","Ativacao",2.82,2.37
"267","DELICADO","Valencia",6.3,2.11
"268","DELICADO","Ativacao",3.72,2.57
"269","DEMÔNIO","Valencia",2.1,1.67
"270","DEMÔNIO","Ativacao",4.49,3.25
"271","DEMORADO","Valencia",2.94,2.14
"272","DEMORADO","Ativacao",6,2.81
"273","DENTISTA","Valencia",5.18,2.51
"274","DENTISTA","Ativacao",4.02,2.65
"275","DEPRESSÃO","Valencia",1.96,1.55
"276","DEPRESSÃO","Ativacao",5.69,3.05
"277","DEPRIMENTE","Valencia",1.82,1.29
"278","DEPRIMENTE","Ativacao",4.88,3.11
"279","DEPRIMIDO","Valencia",2.2,1.58
"280","DEPRIMIDO","Ativacao",5.12,2.73
"281","DERROTADO","Valencia",1.69,1.33
"282","DERROTADO","Ativacao",5,3.13
"283","DESAFIANTE","Valencia",4.37,2.93
"284","DESAFIANTE","Ativacao",5.64,2.86
"285","DESAFIO","Valencia",7.2,1.97
"286","DESAFIO","Ativacao",6,2.84
"287","DESAGRADADO","Valencia",4.83,2.49
"288","DESAGRADADO","Ativacao",5.68,2.38
"289","FESTA","Valencia",8.22,1.63
"290","FESTA","Ativacao",4.49,3.31
"291","FESTIVO","Valencia",8.09,1.76
"292","FESTIVO","Ativacao",5.54,3.31
"293","FILHOTE","Valencia",6.88,2.03
"294","FILHOTE","Ativacao",3.96,2.38
"295","FIRMAMENTO","Valencia",6.66,2.19
"296","FIRMAMENTO","Ativacao",4,2.93
"297","FIRME","Valencia",6.97,2.04
"298","FIRME","Ativacao",3.94,2.46
"299","FLÁCIDO","Valencia",2.43,1.97
"300","FLÁCIDO","Ativacao",4.77,2.9
"301","FLEXÍVEL","Valencia",7.25,2.29
"302","FLEXÍVEL","Ativacao",4.06,2.74
"303","FLOR","Valencia",8.11,1.67
"304","FLOR","Ativacao",3.17,2.95
"305","FLORESCER","Valencia",6.38,2.49
"306","FLORESCER","Ativacao",3.31,2.49
"307","FOFOCA","Valencia",2.44,2.29
"308","FOFOCA","Ativacao",5.65,3.11
"309","FOGÃO","Valencia",4.71,2.75
"310","FOGÃO","Ativacao",4.76,3.02
"311","FOGO","Valencia",4.55,2.68
"312","FOGO","Ativacao",5.35,2.68
"313","FORÇA","Valencia",4.62,2.46
"314","FORÇA","Ativacao",4.76,2.77
"315","FORTE","Valencia",7.66,1.66
"316","FORTE","Ativacao",4.66,3.01
"317","FORTUITO","Valencia",6.61,2.07
"318","FORTUITO","Ativacao",3.91,2.6
"319","FOTOGRAFIA","Valencia",7.71,1.96
"320","FOTOGRAFIA","Ativacao",4.61,3.15
"321","FRAGRÂNCIA","Valencia",5.98,2.51
"322","FRAGRÂNCIA","Ativacao",3.8,2.45
"323","FRAUDE","Valencia",1.6,1.47
"324","FRAUDE","Ativacao",6,2.82
"325","FREIRA","Valencia",4.89,2.49
"326","FREIRA","Ativacao",3.91,2.62
"327","FRÍGIDA","Valencia",2.43,2.07
"328","FRÍGIDA","Ativacao",4.79,2.78
"329","FRIO","Valencia",4.45,2.71
"330","FRIO","Ativacao",4.85,2.7
"331","FRUSTRADO","Valencia",1.84,1.57
"332","FRUSTRADO","Ativacao",5.84,2.84
"333","FUGA","Valencia",3.63,2.39
"334","FUGA","Ativacao",5.26,2.82
"335","FUNERAL","Valencia",1.52,1.39
"336","FUNERAL","Ativacao",4.89,3.34
"337","FUNGO","Valencia",3.84,1.99
"338","FUNGO","Ativacao",4.65,2.56
"339","FURACÃO","Valencia",2.72,2.35
"340","FURACÃO","Ativacao",6.08,2.84
"341","GABINETE","Valencia",5.35,1.87
"342","GABINETE","Ativacao",3.88,2.38
"343","GANGRENA","Valencia",2.64,2.05
"344","GANGRENA","Ativacao",4.81,2.81
"345","GARFO","Valencia",6.12,2.03
"346","GARFO","Ativacao",3.83,2.47
"347","GAROTOS","Valencia",6.94,2.28
"348","GAROTOS","Ativacao",4.77,2.97
"349","GARRAFA","Valencia",6.49,2.35
"350","GARRAFA","Ativacao",4.19,2.77
"351","GATINHO","Valencia",7.06,2.72
"352","GATINHO","Ativacao",3.95,3.13
"353","GATO","Valencia",4.61,2.68
"354","GATO","Ativacao",4.64,2.74
"355","GELADEIRA","Valencia",6.86,1.72
"356","GELADEIRA","Ativacao",3.33,2.61
"357","GELÉIA","Valencia",5.84,1.96
"358","GELÉIA","Ativacao",3.7,2.22
"359","GELEIRA","Valencia",4.33,2.37
"360","GELEIRA","Ativacao",3.59,2.31
"361","GÊNERO","Valencia",4.33,2.09
"362","GÊNERO","Ativacao",4.56,2.1
"363","GENTIL","Valencia",8.23,1.53
"364","GENTIL","Ativacao",3.38,2.95
"365","GERMES","Valencia",4.69,2.93
"366","GERMES","Ativacao",5.46,2.77
"367","GINASTA","Valencia",6.4,1.93
"368","GINASTA","Ativacao",4.12,2.7
"369","GLAMOUR","Valencia",5.26,2.04
"370","GLAMOUR","Ativacao",4.13,2.28
"371","GLÓRIA","Valencia",8.16,1.58
"372","GLÓRIA","Ativacao",4.72,3.45
"373","GOLFISTA","Valencia",4,2.09
"374","GOLFISTA","Ativacao",4.66,2.54
"375","GOLPE","Valencia",2.2,2.03
"376","GOLPE","Ativacao",5.32,2.95
"377","GORDO","Valencia",4.78,3.02
"378","GORDO","Ativacao",4.82,2.92
"379","GOSTO","Valencia",7.57,1.67
"380","GOSTO","Ativacao",4.31,2.74
"381","GRACINHA","Valencia",7.15,2.02
"382","GRACINHA","Ativacao",3.73,2.82
"383","GRADUADO","Valencia",8.17,1.69
"384","GRADUADO","Ativacao",5.3,3.37
"385","GRAMA","Valencia",5.75,1.95
"386","GRAMA","Ativacao",3.21,2.12
"387","GRAMADO","Valencia",7.75,1.85
"388","GRAMADO","Ativacao",3.9,3.18
"389","GRAMPOS","Valencia",6.54,2.37
"390","GRAMPOS","Ativacao",3.42,2.49
"391","GRANADA","Valencia",2,2.05
"392","GRANADA","Ativacao",6.03,3.16
"393","GRITO","Valencia",4.42,2.44
"394","GRITO","Ativacao",6.19,2.31
"395","GROSSO","Valencia",2.71,1.98
"396","GROSSO","Ativacao",5.88,2.63
"397","GUERRA","Valencia",1.61,1.62
"398","GUERRA","Ativacao",6.79,2.97
"399","GUILHOTINA","Valencia",5.56,3.09
"400","GUILHOTINA","Ativacao",4.27,2.92
"401","GULA","Valencia",3.88,2.54
"402","GULA","Ativacao",4.94,2.67
"403","HABILIDADE","Valencia",6.91,1.91
"404","HABILIDADE","Ativacao",4.27,2.36
"405","HABITANTE","Valencia",5.55,1.74
"406","HABITANTE","Ativacao",3.34,2.06
"407","HÁBITO","Valencia",4.13,2.48
"408","HÁBITO","Ativacao",4.95,2.39
"409","HEMODIÁLISE","Valencia",3.78,2.42
"410","HEMODIÁLISE","Ativacao",4.9,2.94
"411","HEROÍNA","Valencia",5.35,3.23
"412","HEROÍNA","Ativacao",4.89,3.18
"413","HIDRANTE","Valencia",6.45,2.08
"414","HIDRANTE","Ativacao",3.75,2.47
"415","HIDROFOBIA","Valencia",3.48,2.16
"416","HIDROFOBIA","Ativacao",3.67,2.74
"417","HISTÓRIA","Valencia",3.54,3.08
"418","HISTÓRIA","Ativacao",5.48,3.23
"419","HOMEM","Valencia",6.85,2.78
"420","HOMEM","Ativacao",4.47,3.16
"421","HOMICIDA","Valencia",5.13,3.44
"422","HOMICIDA","Ativacao",5.54,3.09
"423","HONESTO","Valencia",8.6,1.2
"424","HONESTO","Ativacao",3.32,5.38
"425","HONRA","Valencia",4.75,3.43
"426","HONRA","Ativacao",5.09,3.04
"427","HORRÍVEL","Valencia",1.98,1.78
"428","HORRÍVEL","Ativacao",5.55,2.84
"429","HORROR","Valencia",2.54,2.11
"430","HORROR","Ativacao",5.83,2.9
"431","MERCADO","Valencia",6.59,2.2
"432","MERCADO","Ativacao",4.12,2.7
"433","MERETRIZ","Valencia",3.82,1.91
"434","MERETRIZ","Ativacao",3.52,2.41
"435","MERGULHADOR","Valencia",5.71,2.04
"436","MERGULHADOR","Ativacao",3.79,2.75
"437","MÊS","Valencia",6.11,1.9
"438","MÊS","Ativacao",3.9,2.51
"439","MESA","Valencia",6.18,1.5
"440","MESA","Ativacao",2.75,2
"441","METAL","Valencia",5.15,1.32
"442","METAL","Ativacao",3.17,2.04
"443","MÉTODO","Valencia",6.06,2.13
"444","MÉTODO","Ativacao",3.83,2.59
"445","MILAGRE","Valencia",7.95,1.71
"446","MILAGRE","Ativacao",4.99,3.26
"447","MILIONÁRIO","Valencia",6.55,2.23
"448","MILIONÁRIO","Ativacao",4.19,2.83
"449","MISÉRIA","Valencia",1.21,1.07
"450","MISÉRIA","Ativacao",5.89,3.22
"451","MÍSTICO","Valencia",6.6,2.33
"452","MÍSTICO","Ativacao",3.44,2.63
"453","MOBILIDADE","Valencia",6.17,1.75
"454","MOBILIDADE","Ativacao",4.06,2.59
"455","MODESTO","Valencia",6.79,1.92
"456","MODESTO","Ativacao",3.08,2.23
"457","MOEDA","Valencia",6.76,2.07
"458","MOEDA","Ativacao",4.1,2.79
"459","MOFO","Valencia",2.48,1.98
"460","MOFO","Ativacao",4.64,2.89
"461","MOINHO","Valencia",5.45,1.16
"462","MOINHO","Ativacao",3.44,2.18
"463","MOLDE","Valencia",5.21,1.79
"464","MOLDE","Ativacao",3.48,2.32
"465","MOMENTO","Valencia",7.09,1.9
"466","MOMENTO","Ativacao",4.57,2.84
"467","MONTANHA","Valencia",7.13,2.03
"468","MONTANHA","Ativacao",3.72,2.78
"469","MORAL","Valencia",6.72,2.07
"470","MORAL","Ativacao",3.45,2.43
"471","MÓRBIDO","Valencia",2.07,1.69
"472","MÓRBIDO","Ativacao",5.24,2.99
"473","MORTE","Valencia",1.4,1.04
"474","MORTE","Ativacao",6.18,3.14
"475","MORTO","Valencia",2.01,1.82
"476","MORTO","Ativacao",5.11,3.22
"477","MOSQUITO","Valencia",2.09,1.71
"478","MOSQUITO","Ativacao",5.6,3.1
"479","MOTIM","Valencia",3.77,2.25
"480","MOTIM","Ativacao",4.4,2.88
"481","MOTOR","Valencia",5.09,1.82
"482","MOTOR","Ativacao",3.96,2.35
"483","MUCO","Valencia",5.43,2.35
"484","MUCO","Ativacao",3.35,1.98
"485","MULETA","Valencia",2.81,1.94
"486","MULETA","Ativacao",4.75,2.77
"487","MULHER","Valencia",6.57,1.9
"488","MULHER","Ativacao",3.89,2.6
"489","MUNDO","Valencia",6.17,2.65
"490","MUNDO","Ativacao",5.01,2.92
"491","MUSCULAR","Valencia",6.99,2.55
"492","MUSCULAR","Ativacao",4.54,3.27
"493","MUSEU","Valencia",6.01,2.01
"494","MUSEU","Ativacao",3,2.13
"495","MÚSICA","Valencia",5.18,3.7
"496","MÚSICA","Ativacao",5.73,3.31
"497","MUTAÇÃO","Valencia",4.53,2.26
"498","MUTAÇÃO","Ativacao",4.4,2.75
"499","MUTILAR","Valencia",4.66,3.57
"500","MUTILAR","Ativacao",5.46,3.33
"501","NADADOR","Valencia",6.38,2.16
"502","NADADOR","Ativacao",3.49,2.82
"503","NAMORADA","Valencia",7.59,2.09
"504","NAMORADA","Ativacao",4.89,3.28
"505","NARCÓTICO","Valencia",2.77,2.02
"506","NARCÓTICO","Ativacao",4.94,2.94
"507","NASCIMENTO","Valencia",8.31,1.23
"508","NASCIMENTO","Ativacao",4.29,3.3
"509","NATAL","Valencia",8.06,1.98
"510","NATAL","Ativacao",3.69,3.11
"511","NATURAL","Valencia",4.97,3.36
"512","NATURAL","Ativacao",4.76,3.16
"513","NATUREZA","Valencia",8.58,1.09
"514","NATUREZA","Ativacao",3.25,3.03
"515","NÁUSEA","Valencia",3.95,2.72
"516","NÁUSEA","Ativacao",4.78,2.77
"517","NAVALHA","Valencia",2.64,1.81
"518","NAVALHA","Ativacao",5,3.24
"519","NAVIO","Valencia",6.55,2.16
"520","NAVIO","Ativacao",3.68,2.72
"521","NECROTÉRIO","Valencia",2.1,2.07
"522","NECROTÉRIO","Ativacao",5.75,3.15
"523","NÉCTAR","Valencia",4.66,3.08
"524","NÉCTAR","Ativacao",5.41,3.25
"525","NEGLIGÊNCIA","Valencia",2.4,1.8
"526","NEGLIGÊNCIA","Ativacao",5.78,2.85
"527","NERVOSO","Valencia",4.21,3.04
"528","NERVOSO","Ativacao",5.33,3.05
"529","NEURÓTICO","Valencia",2.49,1.65
"530","NEURÓTICO","Ativacao",6.1,2.98
"531","NEVE","Valencia",6.93,2.27
"532","NEVE","Ativacao",5.19,2.91
"533","NÓ","Valencia",3.9,1.79
"534","NÓ","Ativacao",4.76,2.77
"535","NOIVA","Valencia",6.84,1.9
"536","NOIVA","Ativacao",5.31,2.78
"537","NOME","Valencia",7.5,1.98
"538","NOME","Ativacao",3.53,2.79
"539","NOTÍCIA","Valencia",6.49,1.77
"540","NOTÍCIA","Ativacao",4.93,2.62
"541","NOVO","Valencia",7.96,1.31
"542","NOVO","Ativacao",4.94,2.94
"543","NU","Valencia",7.14,1.65
"544","NU","Ativacao",4.49,2.88
"545","NUBLADO","Valencia",3.91,2.06
"546","NUBLADO","Ativacao",3.73,2.53
"547","NUTRIR","Valencia",6.42,2.36
"548","NUTRIR","Ativacao",4.9,2.72
"549","NUVEM","Valencia",6.67,2.07
"550","NUVEM","Ativacao",2.7,2.16
"551","OBEDECER","Valencia",4.55,2.46
"552","OBEDECER","Ativacao",4.2,2.62
"553","OBESIDADE","Valencia",2.14,1.99
"554","OBESIDADE","Ativacao",5.55,3.3
"555","OBSCENO","Valencia",3.89,1.98
"556","OBSCENO","Ativacao",4.09,2.77
"557","OBSESSÃO","Valencia",3,2.07
"558","OBSESSÃO","Ativacao",5.19,2.86
"559","OBSTRUIR","Valencia",2.64,1.78
"560","OBSTRUIR","Ativacao",5.29,3
"561","OCEANO","Valencia",7.77,1.81
"562","OCEANO","Ativacao",3.58,2.93
"563","ÓDIO","Valencia",2.86,2.16
"564","ÓDIO","Ativacao",4.76,3.05
"565","OFENDER","Valencia",1.78,1.48
"566","OFENDER","Ativacao",6.23,3.14
"567","OFUSCAR","Valencia",4.51,2.04
"568","OFUSCAR","Ativacao",4.14,2.47
"569","ÔNIBUS","Valencia",4.18,2.39
"570","ÔNIBUS","Ativacao",4.58,2.91
"571","ONIPOTENTE","Valencia",5.8,2.63
"572","ONIPOTENTE","Ativacao",4.76,2.81
"573","OPÇÃO","Valencia",6.27,1.85
"574","OPÇÃO","Ativacao",5.18,2.86
"575","RELÂMPAGO","Valencia",3.77,2.31
"576","RELÂMPAGO","Ativacao",5.85,2.72
"577","RELAXADO","Valencia",6.36,3.18
"578","RELAXADO","Ativacao",3.76,3.01
"579","RELÓGIO","Valencia",5.73,2.17
"580","RELÓGIO","Ativacao",4.42,2.35
"581","REMÉDIO","Valencia",3.93,2.58
"582","REMÉDIO","Ativacao",4.24,2.54
"583","RÉPTIL","Valencia",4.47,2.18
"584","RÉPTIL","Ativacao",4.34,2.59
"585","REPUGNADO","Valencia",2.67,1.8
"586","REPUGNADO","Ativacao",4.56,2.31
"587","REPULSIVO","Valencia",3.1,2.15
"588","REPULSIVO","Ativacao",5.15,2.35
"589","RESERVADO","Valencia",5.75,1.78
"590","RESERVADO","Ativacao",3.76,2.26
"591","RESPEITO","Valencia",8.43,1.06
"592","RESPEITO","Ativacao",3.9,3.12
"593","RESPEITOSO","Valencia",7.52,1.71
"594","RESPEITOSO","Ativacao",3.41,2.63
"595","RESPOSTA","Valencia",6.96,1.81
"596","RESPOSTA","Ativacao",4.47,2.73
"597","RESSENTIDO","Valencia",2.83,1.87
"598","RESSENTIDO","Ativacao",4.8,2.24
"599","RESTAURANTE","Valencia",7.7,1.56
"600","RESTAURANTE","Ativacao",3.96,2.77
"601","REUNIÃO","Valencia",5.06,2.26
"602","REUNIÃO","Ativacao",4.88,2.76
"603","REVERENTE","Valencia",5.41,1.86
"604","REVERENTE","Ativacao",3.75,2.08
"605","REVISTA","Valencia",6.9,1.8
"606","REVISTA","Ativacao",3.51,2.54
"607","REVOLTA","Valencia",2.44,2.09
"608","REVOLTA","Ativacao",6.47,2.52
"609","REVÓLVER","Valencia",1.94,1.78
"610","REVÓLVER","Ativacao",6.24,3.05
"611","RICO","Valencia",6.49,1.89
"612","RICO","Ativacao",4.21,2.71
"613","RIDÍCULO","Valencia",2.61,1.9
"614","RIDÍCULO","Ativacao",4.87,2.7
"615","RIFLE","Valencia",2.36,2.11
"616","RIFLE","Ativacao",5.68,2.91
"617","RÍGIDO","Valencia",4.56,1.89
"618","RÍGIDO","Ativacao",4.77,2.14
"619","RIO","Valencia",6.94,2.09
"620","RIO","Ativacao",3.92,2.67
"621","RIQUEZAS","Valencia",6.75,2.06
"622","RIQUEZAS","Ativacao",4.24,2.59
"623","RISADA","Valencia",8.59,0.92
"624","RISADA","Ativacao",4.63,3.54
"625","ROCHA","Valencia",5.49,1.85
"626","ROCHA","Ativacao",3.52,2.11
"627","RODOVIA","Valencia",5.46,1.95
"628","RODOVIA","Ativacao",4.65,2.34
"629","ROMÂNTICO","Valencia",8.34,1.35
"630","ROMÂNTICO","Ativacao",4.16,3.33
"631","ROSTO","Valencia",7.53,1.71
"632","ROSTO","Ativacao",3.95,2.8
"633","ROUPA","Valencia",7.41,2
"634","ROUPA","Ativacao",4.57,3.2
"635","RUA","Valencia",6.19,1.56
"636","RUA","Ativacao",4.42,2.38
"637","RUDE","Valencia",2.96,1.82
"638","RUDE","Ativacao",5.2,2.34
"639","RUIDOSO","Valencia",3.97,1.92
"640","RUIDOSO","Ativacao",4.8,2.37
"641","SÁBIO","Valencia",7.92,1.38
"642","SÁBIO","Ativacao",3.96,2.83
"643","SABOROSO","Valencia",8.24,1.42
"644","SABOROSO","Ativacao",4.05,3.17
"645","SAFIRA","Valencia",6,1.93
"646","SAFIRA","Ativacao",3.4,2.37
"647","SALADA","Valencia",6.88,2.26
"648","SALADA","Ativacao",3.67,2.86
"649","SALVADOR","Valencia",7.67,1.77
"650","SALVADOR","Ativacao",3.57,2.61
"651","SALVAR","Valencia",8.1,1.36
"652","SALVAR","Ativacao",4.56,3.16
"653","SANGRENTO","Valencia",2.29,1.96
"654","SANGRENTO","Ativacao",5.42,3.01
"655","SANTO","Valencia",6.65,2.01
"656","SANTO","Ativacao",3.44,2.59
"657","SARAMPO","Valencia",2.49,1.61
"658","SARAMPO","Ativacao",4.46,2.74
"659","SATISFEITO","Valencia",8.09,1.58
"660","SATISFEITO","Ativacao",3.99,3.04
"661","SAUDAR","Valencia",8,1.32
"662","SAUDAR","Ativacao",3.64,2.84
"663","SAÚDE","Valencia",8.39,1.25
"664","SAÚDE","Ativacao",4.1,3.16
"665","SECADOR","Valencia",5.61,1.92
"666","SECADOR","Ativacao",3.96,2.46
"667","SEDA","Valencia",6.38,1.94
"668","SEDA","Ativacao",2.79,2.34
"669","SEGURO","Valencia",7.06,2.46
"670","SEGURO","Ativacao",3.7,2.69
"671","SENTIMENTO","Valencia",7.41,2.02
"672","SENTIMENTO","Ativacao",4.85,2.85
"673","SÉRIO","Valencia",5.39,2.16
"674","SÉRIO","Ativacao",4.01,2.17
"675","SEVERO","Valencia",3.29,2.19
"676","SEVERO","Ativacao",5.12,2.54
"677","SEXO","Valencia",7.93,1.86
"678","SEXO","Ativacao",5.28,3.4
"679","SEXY","Valencia",7.66,1.7
"680","SEXY","Ativacao",5.26,2.99
"681","SÍFILIS","Valencia",1.93,1.74
"682","SÍFILIS","Ativacao",5.37,3.22
"683","SOBRECARREGADO","Valencia",2.58,1.95
"684","SOBRECARREGADO","Ativacao",6.49,2.54
"685","SOBRESSALTO","Valencia",4.76,2.28
"686","SOBRESSALTO","Ativacao",4.84,2.5
"687","SOCIAL","Valencia",6.74,2.03
"688","SOCIAL","Ativacao",4.09,2.5
"689","SOCIEDADE","Valencia",5.53,2.46
"690","SOCIEDADE","Ativacao",5.25,2.29
"691","SOFRIMENTO","Valencia",1.68,1.65
"692","SOFRIMENTO","Ativacao",6.14,2.9
"693","SOL","Valencia",8.28,1.68
"694","SOL","Ativacao",4.27,3.38
"695","SOLENE","Valencia",5.29,1.99
"696","SOLENE","Ativacao",4,2.08
"697","ARTE","Valencia",8.08,1.5
"698","ARTE","Ativacao",3.68,3.21
"699","ÁRVORE","Valencia",7.98,1.46
"700","ÁRVORE","Ativacao",2.27,2.19
"701","ÁS","Valencia",5.71,2
"702","ÁS","Ativacao",3.84,2.6
"703","ÁSPERO","Valencia",3.38,2.34
"704","ÁSPERO","Ativacao",5.49,2.53
"705","ASSALTANTE","Valencia",2.03,2.25
"706","ASSALTANTE","Ativacao",7.24,2.7
"707","ASSALTO","Valencia",1.47,1.1
"708","ASSALTO","Ativacao",7.67,2.25
"709","ASSAR","Valencia",6.24,2.73
"710","ASSAR","Ativacao",3.92,2.7
"711","ASSASSINO","Valencia",1.16,0.8
"712","ASSASSINO","Ativacao",7.51,2.5
"713","ASSENTO","Valencia",5.87,2.07
"714","ASSENTO","Ativacao",3.05,2.2
"715","ASSOVIO","Valencia",6.15,2.15
"716","ASSOVIO","Ativacao",4.48,2.62
"717","ASSUSTADO","Valencia",2.89,2.17
"718","ASSUSTADO","Ativacao",6,2.54
"719","ASTRONAUTA","Valencia",5.81,1.66
"720","ASTRONAUTA","Ativacao",3.84,2.45
"721","ATADURA","Valencia",2.87,2.26
"722","ATADURA","Ativacao",4.5,2.89
"723","ATERRORIZADO","Valencia",1.79,1.46
"724","ATERRORIZADO","Ativacao",7.32,2.53
"725","ATIVAR","Valencia",7.19,1.82
"726","ATIVAR","Ativacao",4.19,2.6
"727","ATLETISMO","Valencia",7.31,2.13
"728","ATLETISMO","Ativacao",4.27,2.5
"729","ATRAÇÃO","Valencia",8.22,1.49
"730","ATRAÇÃO","Ativacao",4.84,3.43
"731","AURORA","Valencia",6.96,2.21
"732","AURORA","Ativacao",3.02,2.42
"733","AUTONOMIA","Valencia",7.71,1.92
"734","AUTONOMIA","Ativacao",4.29,3.1
"735","AVALANCHE","Valencia",2.32,2.1
"736","AVALANCHE","Ativacao",6.02,2.9
"737","AVENIDA","Valencia",5.84,1.84
"738","AVENIDA","Ativacao",3.76,2.4
"739","AVENTURA","Valencia",8.06,1.53
"740","AVENTURA","Ativacao",6.33,2.97
"741","AVÔ","Valencia",7.18,2.8
"742","AVÔ","Ativacao",4.05,2.9
"743","AZEDO","Valencia",2.87,2.04
"744","AZEDO","Ativacao",4.42,2.13
"745","AZUL","Valencia",7.42,2.32
"746","AZUL","Ativacao",3.37,2.78
"747","BACIA","Valencia",4.68,1.84
"748","BACIA","Ativacao",3.59,2.53
"749","BAGUNÇADO","Valencia",3.21,2.28
"750","BAGUNÇADO","Ativacao",5.92,2.61
"751","BALA","Valencia",6.98,1.99
"752","BALA","Ativacao",3.44,2.45
"753","BANDEIRA","Valencia",6.32,1.65
"754","BANDEIRA","Ativacao",3,2.25
"755","BANHEIRA","Valencia",8,1.37
"756","BANHEIRA","Ativacao",3,2.69
"757","BANHEIRO","Valencia",6.82,1.72
"758","BANHEIRO","Ativacao",3,2.51
"759","BANHO","Valencia",8.29,1.5
"760","BANHO","Ativacao",2.61,2.74
"761","BANQUETA","Valencia",5.84,1.98
"762","BANQUETA","Ativacao",2.61,1.76
"763","BARATA","Valencia",2.83,1.89
"764","BARATA","Ativacao",5.23,3.17
"765","BARRA","Valencia",4.74,1.91
"766","BARRA","Ativacao",4.37,2.38
"767","BARRIL","Valencia",5.85,2.11
"768","BARRIL","Ativacao",4.28,2.58
"769","BASTARDO","Valencia",3.42,2.5
"770","BASTARDO","Ativacao",4.16,2.66
"771","BEBÊ","Valencia",8.21,1.41
"772","BEBÊ","Ativacao",3.71,2.73
"773","BEBIDA","Valencia",6.03,2.79
"774","BEBIDA","Ativacao",4.08,3.03
"775","BECO","Valencia",3.02,2.06
"776","BECO","Ativacao",5.8,2.9
"777","BEIJO","Valencia",8.76,0.79
"778","BEIJO","Ativacao",5.24,3.74
"779","BELEZA","Valencia",8.09,1.25
"780","BELEZA","Ativacao",3.91,2.84
"781","BELISCAR","Valencia",3.71,2.37
"782","BELISCAR","Ativacao",4.82,2.66
"783","BELO","Valencia",7.73,1.77
"784","BELO","Ativacao",3.29,2.53
"785","BENZER","Valencia",6.5,2.06
"786","BENZER","Ativacao",2.76,2.68
"787","BERÇÁRIO","Valencia",7.6,1.7
"788","BERÇÁRIO","Ativacao",3.3,2.33
"789","BERRAR","Valencia",3.63,2.36
"790","BERRAR","Ativacao",6.21,2.73
"791","BESTA","Valencia",2.45,1.93
"792","BESTA","Ativacao",5.3,2.76
"793","BISPO","Valencia",5.68,2.51
"794","BISPO","Ativacao",2.71,2.4
"795","BLASFÊMIA","Valencia",2.63,1.78
"796","BLASFÊMIA","Ativacao",5.71,2.6
"797","BOBAGEM","Valencia",4.84,2.48
"798","BOBAGEM","Ativacao",4.76,2.78
"799","BOLINHO","Valencia",7.5,1.54
"800","BOLINHO","Ativacao",3.4,2.47
"801","BOLO","Valencia",7.37,2.01
"802","BOLO","Ativacao",3.26,2.64
"803","BOM","Valencia",8.19,1.53
"804","BOM","Ativacao",3.36,2.65
"805","BOMBA","Valencia",1.53,1.39
"806","BOMBA","Ativacao",6.87,2.56
"807","BONECA","Valencia",5.57,2.19
"808","BONECA","Ativacao",3.05,2.24
"809","BONITO","Valencia",8.42,1.41
"810","BONITO","Ativacao",3.45,2.94
"811","BORBOLETA","Valencia",7.38,1.82
"812","BORBOLETA","Ativacao",2.56,1.88
"813","BOXEADOR","Valencia",4.13,2.5
"814","BOXEADOR","Ativacao",5.34,2.5
"815","BRABEZA","Valencia",2.83,2.15
"816","BRABEZA","Ativacao",6.02,2.71
"817","BRABO","Valencia",2.26,1.83
"818","BRABO","Ativacao",6.05,2.7
"819","BRAÇO","Valencia",6.35,2.12
"820","BRAÇO","Ativacao",3.64,2.12
"821","BRANCO","Valencia",7.18,2.08
"822","BRANCO","Ativacao",2.61,2.47
"823","BRAVO","Valencia",2.56,2.2
"824","BRAVO","Ativacao",6.31,2.87
"825","BRILHANTE","Valencia",7.45,1.81
"826","BRILHANTE","Ativacao",3.21,2.43
"827","BRINQUEDO","Valencia",7.54,1.77
"828","BRINQUEDO","Ativacao",3.56,2.45
"829","BRISA","Valencia",7.39,2.11
"830","BRISA","Ativacao",2.76,2.8
"831","BRUTAL","Valencia",1.98,1.84
"832","BRUTAL","Ativacao",6.6,2.77
"833","BUQUÊ","Valencia",7.42,2.41
"834","BUQUÊ","Ativacao",3.74,3.19
"835","BURRO","Valencia",2.96,1.9
"836","BURRO","Ativacao",4.7,2.73
"837","CABANA","Valencia",7.21,1.74
"838","CABANA","Ativacao",3.21,2.68
"839","CABELO","Valencia",6.67,2.41
"840","CABELO","Ativacao",3.78,2.64
"841","DESAJEITADO","Valencia",3.67,1.95
"842","DESAJEITADO","Ativacao",3.65,2.4
"843","DESAMPARADO","Valencia",2.48,1.65
"844","DESAMPARADO","Ativacao",5,2.62
"845","DESANIMADO","Valencia",1.84,1.3
"846","DESANIMADO","Ativacao",4.47,3.04
"847","DESASTRE","Valencia",1.84,1.56
"848","DESASTRE","Ativacao",5.97,2.93
"849","DESAVENÇA","Valencia",1.98,1.42
"850","DESAVENÇA","Ativacao",5.44,2.83
"851","DESCONFORTO","Valencia",2.31,1.76
"852","DESCONFORTO","Ativacao",5.6,2.86
"853","DESCULPA","Valencia",5.9,2.67
"854","DESCULPA","Ativacao",4.37,2.83
"855","DESDENHOSO","Valencia",3.01,1.75
"856","DESDENHOSO","Ativacao",4.86,2.52
"857","DESEJO","Valencia",7.78,1.72
"858","DESEJO","Ativacao",5.06,2.9
"859","DESERTOR","Valencia",3.72,1.59
"860","DESERTOR","Ativacao",4.58,2.19
"861","DESESPERADOR","Valencia",1.92,1.58
"862","DESESPERADOR","Ativacao",6.12,3.11
"863","DESINTERESSADO","Valencia",3.46,1.9
"864","DESINTERESSADO","Ativacao",5.16,2.65
"865","DESLEAL","Valencia",1.63,1.3
"866","DESLEAL","Ativacao",5.9,3.17
"867","DESLIGADO","Valencia",3.31,1.86
"868","DESLIGADO","Ativacao",5.13,2.64
"869","DESPEJAR","Valencia",4.08,2.04
"870","DESPEJAR","Ativacao",3.92,2.81
"871","DESPERDÍCIO","Valencia",3.45,1.89
"872","DESPERDÍCIO","Ativacao",4.99,2.5
"873","DESPREOCUPADO","Valencia",5.33,2.7
"874","DESPREOCUPADO","Ativacao",3.35,2.45
"875","DESPREZAR","Valencia",2.08,1.67
"876","DESPREZAR","Ativacao",5.91,2.87
"877","DESPREZO","Valencia",1.71,1.32
"878","DESPREZO","Ativacao",4.96,3.18
"879","DESTACADO","Valencia",6.82,1.81
"880","DESTACADO","Ativacao",4.53,2.57
"881","DESTROÇAR","Valencia",2.53,1.79
"882","DESTROÇAR","Ativacao",4.39,3
"883","DESTRUIÇÃO","Valencia",2.13,1.93
"884","DESTRUIÇÃO","Ativacao",5.88,2.81
"885","DESTRUIR","Valencia",2,1.68
"886","DESTRUIR","Ativacao",5.35,3.17
"887","DETALHE","Valencia",6.36,1.8
"888","DETALHE","Ativacao",4.4,2.67
"889","DETESTAR","Valencia",2.29,1.71
"890","DETESTAR","Ativacao",4.39,3.08
"891","DEUS","Valencia",8.11,1.54
"892","DEUS","Ativacao",3.8,3.15
"893","DEVOTADO","Valencia",5.8,2.01
"894","DEVOTADO","Ativacao",2.82,2.37
"895","DIABO","Valencia",2.67,2.2
"896","DIABO","Ativacao",4.63,2.86
"897","DIAMANTE","Valencia",7.22,2.09
"898","DIAMANTE","Ativacao",4.1,2.88
"899","DIGNO","Valencia",7.69,1.67
"900","DIGNO","Ativacao",4.01,2.75
"901","DINHEIRO","Valencia",7.2,2.52
"902","DINHEIRO","Ativacao",5.39,3.03
"903","DIPLOMA","Valencia",8.33,1.39
"904","DIPLOMA","Ativacao",6.03,3.05
"905","DIVERSÃO","Valencia",8.31,1.76
"906","DIVERSÃO","Ativacao",5.16,3.2
"907","DIVERTIDO","Valencia",8.57,1.26
"908","DIVERTIDO","Ativacao",5.12,3.42
"909","DIVERTIMENTO","Valencia",8.27,1.56
"910","DIVERTIMENTO","Ativacao",4.88,3.24
"911","DIVÓRCIO","Valencia",2.97,2.06
"912","DIVÓRCIO","Ativacao",5.29,2.96
"913","DOCE","Valencia",7.88,1.75
"914","DOCE","Ativacao",4.46,3.2
"915","DOENÇA","Valencia",1.77,1.57
"916","DOENÇA","Ativacao",5.81,3.2
"917","DOENTE","Valencia",1.69,1.19
"918","DOENTE","Ativacao",5.29,2.94
"919","DÓLAR","Valencia",5.45,2.44
"920","DÓLAR","Ativacao",5.09,2.73
"921","DOMINADOR","Valencia",3.96,2.15
"922","DOMINADOR","Ativacao",4.71,2.8
"923","DOR","Valencia",1.91,1.65
"924","DOR","Ativacao",5.97,2.87
"925","DOUTOR","Valencia",4.84,2.22
"926","DOUTOR","Ativacao",3.86,2.68
"927","DURO","Valencia",4.41,2.13
"928","DURO","Ativacao",4.6,2.64
"929","EDIFÍCIO","Valencia",5.76,1.88
"930","EDIFÍCIO","Ativacao",2.49,1.8
"931","EDUCAÇÃO","Valencia",8.04,1.75
"932","EDUCAÇÃO","Ativacao",4.92,3.07
"933","EGOÍSTA","Valencia",2.04,1.78
"934","EGOÍSTA","Ativacao",5.33,2.89
"935","ELEGANTE","Valencia",7.38,1.76
"936","ELEGANTE","Ativacao",4.62,2.68
"937","ELEVADOR","Valencia",5.37,1.98
"938","ELEVADOR","Ativacao",3.24,2.39
"939","EMPREGO","Valencia",7.31,2.18
"940","EMPREGO","Ativacao",5.97,2.88
"941","ENCARDIDO","Valencia",3.08,1.59
"942","ENCARDIDO","Ativacao",4.02,2.53
"943","ENCHARPE","Valencia",5.59,1.8
"944","ENCHARPE","Ativacao",3.64,2.34
"945","ENCONTRO","Valencia",7.67,2.1
"946","ENCONTRO","Ativacao",5.67,2.86
"947","ENFERMEIRA","Valencia",5.33,2.2
"948","ENFERMEIRA","Ativacao",4.39,2.47
"949","ENFERRUJADO","Valencia",3.41,1.68
"950","ENFERRUJADO","Ativacao",3.25,2.18
"951","ENFURECIDO","Valencia",2.67,2.09
"952","ENFURECIDO","Ativacao",6.89,2.17
"953","ENGANAÇÃO","Valencia",1.76,1.56
"954","ENGANAÇÃO","Ativacao",6.31,2.91
"955","ENJOATIVO","Valencia",2.63,1.5
"956","ENJOATIVO","Ativacao",4.72,2.45
"957","ENLAMEADO","Valencia",3.57,1.83
"958","ENLAMEADO","Ativacao",3.65,2.54
"959","ENTEDIADO","Valencia",2.44,1.92
"960","ENTEDIADO","Ativacao",5.19,2.83
"961","ENTERRO","Valencia",1.65,1.32
"962","ENTERRO","Ativacao",5.31,3.31
"963","ENTULHO","Valencia",3.61,2.12
"964","ENTULHO","Ativacao",3.54,6.56
"965","ENTUSIASMO","Valencia",8.02,1.83
"966","ENTUSIASMO","Ativacao",4.78,3.11
"967","ENVERGONHADO","Valencia",3.29,1.95
"968","ENVERGONHADO","Ativacao",5.33,2.42
"969","ERÓTICO","Valencia",7.31,2.03
"970","ERÓTICO","Ativacao",4.8,3.21
"971","ERRO","Valencia",2.43,1.91
"972","ERRO","Ativacao",6.4,2.57
"973","ERUDITO","Valencia",5.47,1.97
"974","ERUDITO","Ativacao",2.86,2.31
"975","ESBANJAMENTO","Valencia",3.47,2.29
"976","ESBANJAMENTO","Ativacao",5.25,2.64
"977","ESCALDANTE","Valencia",4.2,1.89
"978","ESCALDANTE","Ativacao",3.86,2.76
"979","ESCÂNDALO","Valencia",3.31,2.22
"980","ESCÂNDALO","Ativacao",5.51,2.73
"981","ESCONDER","Valencia",4.08,1.91
"982","ESCONDER","Ativacao",4.51,2.78
"983","ESCORBUTO","Valencia",3.77,1.94
"984","ESCORBUTO","Ativacao",4.03,2.55
"985","HOSPITAL","Valencia",2.75,2.55
"986","HOSPITAL","Ativacao",5.39,3.18
"987","HOSTIL","Valencia",5.6,2.97
"988","HOSTIL","Ativacao",4.58,2.72
"989","HOTEL","Valencia",7.11,2.02
"990","HOTEL","Ativacao",3.79,2.84
"991","HUMANITÁRIO","Valencia",4.58,3.69
"992","HUMANITÁRIO","Ativacao",5.31,3.34
"993","HUMBÚRGUER","Valencia",6.91,2.47
"994","HUMBÚRGUER","Ativacao",4.19,2.8
"995","HUMILDE","Valencia",7.66,1.88
"996","HUMILDE","Ativacao",3.6,2.69
"997","HUMILHAR","Valencia",4.36,3.34
"998","HUMILHAR","Ativacao",5.8,3.11
"999","HUMOR","Valencia",7.97,2.15
"1000","HUMOR","Ativacao",5.26,3.5
"1001","IATE","Valencia",6.73,1.98
"1002","IATE","Ativacao",3.97,2.37
"1003","IDÉIA","Valencia",8.14,1.6
"1004","IDÉIA","Ativacao",5.31,3.32
"1005","IDENTIDADE","Valencia",7.35,1.92
"1006","IDENTIDADE","Ativacao",4.5,2.9
"1007","IDIOTA","Valencia",2.28,2
"1008","IDIOTA","Ativacao",5.28,2.9
"1009","ÍDOLO","Valencia",5.99,2.52
"1010","ÍDOLO","Ativacao",3.73,2.36
"1011","IGNORÂNCIA","Valencia",2.11,1.83
"1012","IGNORÂNCIA","Ativacao",5.57,2.99
"1013","IGREJA","Valencia",4.22,2.75
"1014","IGREJA","Ativacao",4.7,2.72
"1015","IMAGINAR","Valencia",8.02,1.69
"1016","IMAGINAR","Ativacao",5.06,3.25
"1017","IMATURO","Valencia",2.85,1.88
"1018","IMATURO","Ativacao",5.7,2.66
"1019","IMORAL","Valencia",2.03,1.56
"1020","IMORAL","Ativacao",5,3
"1021","IMPLICAR","Valencia",4.69,2.8
"1022","IMPLICAR","Ativacao",5.47,2.63
"1023","IMPOTENTE","Valencia",2.08,1.54
"1024","IMPOTENTE","Ativacao",5.34,3
"1025","IMPRESSIONADO","Valencia",6.97,2.42
"1026","IMPRESSIONADO","Ativacao",4.09,2.82
"1027","IMUNDÍCIE","Valencia",1.86,1.74
"1028","IMUNDÍCIE","Ativacao",5.18,2.88
"1029","INCENTIVO","Valencia",4.76,3.25
"1030","INCENTIVO","Ativacao",5.4,2.67
"1031","INCOMODADO","Valencia",2.45,1.9
"1032","INCOMODADO","Ativacao",5.66,2.64
"1033","INCOMODAR","Valencia",2.97,2.22
"1034","INCOMODAR","Ativacao",5.86,2.79
"1035","INCUMBÊNCIA","Valencia",5.02,2.1
"1036","INCUMBÊNCIA","Ativacao",4.29,2.3
"1037","INDIFERENTE","Valencia",4.37,2.37
"1038","INDIFERENTE","Ativacao",4.59,2.24
"1039","INDÚSTRIA","Valencia",5.63,2.55
"1040","INDÚSTRIA","Ativacao",4.5,2.5
"1041","INFANTE","Valencia",2.99,2.11
"1042","INFANTE","Ativacao",5.24,2.84
"1043","INFECÇÃO","Valencia",1.77,1.54
"1044","INFECÇÃO","Ativacao",5.61,2.96
"1045","INFELIZ","Valencia",1.54,1.37
"1046","INFELIZ","Ativacao",6.2,3.01
"1047","INFERIOR","Valencia",2.49,1.86
"1048","INFERIOR","Ativacao",4.5,2.73
"1049","INFERNO","Valencia",3.81,2.85
"1050","INFERNO","Ativacao",4.88,3.13
"1051","INFIEL","Valencia",2.08,1.97
"1052","INFIEL","Ativacao",6.34,3.15
"1053","INOCENTE","Valencia",3.74,2.53
"1054","INOCENTE","Ativacao",5.45,2.68
"1055","INSANO","Valencia",3.11,1.96
"1056","INSANO","Ativacao",4.61,2.52
"1057","INSEGURO","Valencia",2.26,1.48
"1058","INSEGURO","Ativacao",6.02,2.55
"1059","INSETO","Valencia",3.54,2.42
"1060","INSETO","Ativacao",5.44,2.68
"1061","INSOLENTE","Valencia",5.67,3.03
"1062","INSOLENTE","Ativacao",4.9,3
"1063","INSOSSO","Valencia",3.55,1.92
"1064","INSOSSO","Ativacao",4.21,2.6
"1065","INSPIRADO","Valencia",4.72,3.51
"1066","INSPIRADO","Ativacao",5.48,3.24
"1067","INSPIRAR","Valencia",7.31,2.15
"1068","INSPIRAR","Ativacao",4.03,3.1
"1069","INSULTO","Valencia",5.28,3.52
"1070","INSULTO","Ativacao",4.72,3.32
"1071","INTELECTO","Valencia",6.8,2.37
"1072","INTELECTO","Ativacao",4.33,2.49
"1073","INTELIGENTE","Valencia",7.81,2.28
"1074","INTELIGENTE","Ativacao",4.75,3.26
"1075","INTERCURSO","Valencia",5.02,1.36
"1076","INTERCURSO","Ativacao",2.33,6.42
"1077","INTERESSE","Valencia",4.74,3.21
"1078","INTERESSE","Ativacao",5.68,2.9
"1079","ÍNTIMO","Valencia",7.27,1.88
"1080","ÍNTIMO","Ativacao",4.8,2.84
"1081","INTROMETER","Valencia",2.4,1.81
"1082","INTROMETER","Ativacao",5.73,2.67
"1083","INTROMETIDO","Valencia",2.52,2
"1084","INTROMETIDO","Ativacao",5.94,2.56
"1085","INTRUSO","Valencia",2.29,1.65
"1086","INTRUSO","Ativacao",5.99,2.56
"1087","INUNDAÇÃO","Valencia",1.88,1.68
"1088","INUNDAÇÃO","Ativacao",6.02,2.8
"1089","INÚTIL","Valencia",4.81,2.97
"1090","INÚTIL","Ativacao",5.63,2.82
"1091","INVASOR","Valencia",2.2,2.14
"1092","INVASOR","Ativacao",6.61,2.7
"1093","INVESTIR","Valencia",4.35,3.14
"1094","INVESTIR","Ativacao",6.16,2.69
"1095","IRMÃO","Valencia",7.78,2.15
"1096","IRMÃO","Ativacao",5.11,3
"1097","IRRITAR","Valencia",4.45,3.02
"1098","IRRITAR","Ativacao",4.99,3.15
"1099","ITEM","Valencia",5.08,1.33
"1100","ITEM","Ativacao",3.13,2.06
"1101","JANELA","Valencia",7.29,2.13
"1102","JANELA","Ativacao",3.32,2.71
"1103","JANTA","Valencia",7.47,2.02
"1104","JANTA","Ativacao",4.61,2.94
"1105","JARDIM","Valencia",5.85,2.8
"1106","JARDIM","Ativacao",4.52,3.03
"1107","JARRA","Valencia",5.72,1.95
"1108","JARRA","Ativacao",3.66,2.57
"1109","JIBÓIA","Valencia",4.96,2.58
"1110","JIBÓIA","Ativacao",4.39,2.86
"1111","JOGO","Valencia",6.34,2.35
"1112","JOGO","Ativacao",4.89,2.66
"1113","JÓIA","Valencia",7.76,1.82
"1114","JÓIA","Ativacao",4.19,2.94
"1115","JUSTIÇA","Valencia",6.52,2.95
"1116","JUSTIÇA","Ativacao",5.61,2.73
"1117","JUVENTUDE","Valencia",4.51,3.55
"1118","JUVENTUDE","Ativacao",5.7,3.2
"1119","KETCHUP","Valencia",5.31,2.54
"1120","KETCHUP","Ativacao",3.92,2.54
"1121","LADRÃO","Valencia",2.9,2.19
"1122","LADRÃO","Ativacao",5.4,3.08
"1123","LAGO","Valencia",7.38,2.2
"1124","LAGO","Ativacao",3.82,2.99
"1125","LAMA","Valencia",2.58,2.17
"1126","LAMA","Ativacao",5.36,2.99
"1127","LÂMPADA","Valencia",6.51,2.41
"1128","LÂMPADA","Ativacao",3.82,2.65
"1129","OPINIÃO","Valencia",6.78,2.09
"1130","OPINIÃO","Ativacao",5.21,2.6
"1131","ORGASMO","Valencia",7.92,1.65
"1132","ORGASMO","Ativacao",4.37,3.39
"1133","ORGULHO","Valencia",6.38,2.45
"1134","ORGULHO","Ativacao",4.55,2.88
"1135","ORGULHOSO","Valencia",5.63,2.94
"1136","ORGULHOSO","Ativacao",4.85,2.9
"1137","ORQUESTRA","Valencia",7.13,1.92
"1138","ORQUESTRA","Ativacao",4.77,2.88
"1139","OTIMISMO","Valencia",8.41,1.26
"1140","OTIMISMO","Ativacao",4.13,3.01
"1141","OURO","Valencia",6.99,2.15
"1142","OURO","Ativacao",4.25,2.91
"1143","OUSADO","Valencia",6.57,1.93
"1144","OUSADO","Ativacao",4.38,2.59
"1145","OUTONO","Valencia",5.95,2.33
"1146","OUTONO","Ativacao",4.35,2.65
"1147","OVO","Valencia",6.12,1.8
"1148","OVO","Ativacao",2.78,2.19
"1149","PACIENTE","Valencia",5.96,2.64
"1150","PACIENTE","Ativacao",4.06,2.77
"1151","PADRE","Valencia",5.29,2.21
"1152","PADRE","Ativacao",2.7,2.33
"1153","PAI","Valencia",8.08,2.28
"1154","PAI","Ativacao",5.55,3.29
"1155","PAÍS","Valencia",5.8,2.56
"1156","PAÍS","Ativacao",4.53,2.76
"1157","PAIXÃO","Valencia",6.34,2.71
"1158","PAIXÃO","Ativacao",5.27,3.3
"1159","PALÁCIO","Valencia",6.28,2.05
"1160","PALÁCIO","Ativacao",3.6,2.45
"1161","PANFLETO","Valencia",6.28,2.3
"1162","PANFLETO","Ativacao",3.45,2.62
"1163","PÂNICO","Valencia",2.14,1.85
"1164","PÂNICO","Ativacao",6.7,3.06
"1165","PANQUECA","Valencia",6.88,1.97
"1166","PANQUECA","Ativacao",4.03,2.75
"1167","PÂNTANO","Valencia",4.15,2.03
"1168","PÂNTANO","Ativacao",4.33,2.7
"1169","PAPEL","Valencia",7.29,2.08
"1170","PAPEL","Ativacao",3.85,2.93
"1171","PAQUERAR","Valencia",7.99,1.51
"1172","PAQUERAR","Ativacao",4.45,3.06
"1173","PARAÍSO","Valencia",7.07,2.1
"1174","PARAÍSO","Ativacao",4.79,3.23
"1175","PARALISIA","Valencia",1.86,1.69
"1176","PARALISIA","Ativacao",5.77,3.24
"1177","PARTE","Valencia",6.43,2.17
"1178","PARTE","Ativacao",3.32,2.44
"1179","PASSAGEM","Valencia",5,2.52
"1180","PASSAGEM","Ativacao",4.01,2.77
"1181","PÁSSARO","Valencia",7.11,2.06
"1182","PÁSSARO","Ativacao",4.06,2.76
"1183","PATENTE","Valencia",4.77,1.91
"1184","PATENTE","Ativacao",3.23,2.41
"1185","PATRIOTA","Valencia",6.21,1.97
"1186","PATRIOTA","Ativacao",3.7,2.7
"1187","PAZ","Valencia",8.64,1.14
"1188","PAZ","Ativacao",3.71,3.5
"1189","PAZINHA","Valencia",4.41,1.73
"1190","PAZINHA","Ativacao",3.76,2.47
"1191","PÉ","Valencia",5.99,2.4
"1192","PÉ","Ativacao",2.91,2.48
"1193","PECADO","Valencia",3.29,2.14
"1194","PECADO","Ativacao",4.23,2.82
"1195","PECAMINOSO","Valencia",3.43,2.09
"1196","PECAMINOSO","Ativacao",4.72,2.74
"1197","PEÇONHA","Valencia",4.67,2.28
"1198","PEÇONHA","Ativacao",4.33,2.56
"1199","PEDINTE","Valencia",3.23,2.11
"1200","PEDINTE","Ativacao",4.85,2.58
"1201","PEITO","Valencia",6.22,1.75
"1202","PEITO","Ativacao",4.91,2.61
"1203","PEIXE","Valencia",6.45,2.32
"1204","PEIXE","Ativacao",3.14,2.33
"1205","PELADO","Valencia",4.72,2.35
"1206","PELADO","Ativacao",4.73,2.69
"1207","PÊLO","Valencia",4.29,1.8
"1208","PÊLO","Ativacao",3.65,2.3
"1209","PENALIDADE","Valencia",5.43,2.61
"1210","PENALIDADE","Ativacao",4.86,2.87
"1211","PENHASCO","Valencia",3.43,2.22
"1212","PENHASCO","Ativacao",5.21,3.08
"1213","PÊNIS","Valencia",6.85,1.78
"1214","PÊNIS","Ativacao",5.03,2.89
"1215","PENITENTE","Valencia",4.06,1.88
"1216","PENITENTE","Ativacao",4.01,2.55
"1217","PENSAMENTO","Valencia",4.88,3.09
"1218","PENSAMENTO","Ativacao",5,2.82
"1219","PENSATIVO","Valencia",5.99,2.23
"1220","PENSATIVO","Ativacao",4.36,2.75
"1221","PERDEDOR","Valencia",4.22,3.02
"1222","PERDEDOR","Ativacao",5.54,2.97
"1223","PERDIDO","Valencia",2.93,1.67
"1224","PERDIDO","Ativacao",5.17,2.55
"1225","PERFEIÇÃO","Valencia",6.85,2.3
"1226","PERFEIÇÃO","Ativacao",4.87,2.84
"1227","PERFUME","Valencia",8.2,1.24
"1228","PERFUME","Ativacao",4.33,3.31
"1229","PERIGO","Valencia",2.56,2.06
"1230","PERIGO","Ativacao",6.74,2.47
"1231","PERSEGUIR","Valencia",3.46,2.26
"1232","PERSEGUIR","Ativacao",5.5,2.63
"1233","PERTURBADO","Valencia",2.49,1.57
"1234","PERTURBADO","Ativacao",6.01,2.71
"1235","PERTURBAR","Valencia",2.32,1.58
"1236","PERTURBAR","Ativacao",5.35,2.96
"1237","PERVERTIDO","Valencia",3.35,2.32
"1238","PERVERTIDO","Ativacao",5.09,2.72
"1239","PESADELO","Valencia",2.11,1.88
"1240","PESADELO","Ativacao",5.92,3.11
"1241","PESAR","Valencia",3.41,2.4
"1242","PESAR","Ativacao",4.78,2.6
"1243","PESSOA","Valencia",7.85,1.61
"1244","PESSOA","Ativacao",4.46,2.98
"1245","PESTE","Valencia",2.17,1.67
"1246","PESTE","Ativacao",5.43,2.84
"1247","PIADA","Valencia",8.14,1.3
"1248","PIADA","Ativacao",4.45,3.07
"1249","PICADA","Valencia",2.58,1.53
"1250","PICADA","Ativacao",5.12,2.53
"1251","PIEDADE","Valencia",5.82,2.21
"1252","PIEDADE","Ativacao",4.08,2.53
"1253","PINTAR","Valencia",7.26,1.88
"1254","PINTAR","Ativacao",3.68,2.8
"1255","PIOLHO","Valencia",2.08,1.52
"1256","PIOLHO","Ativacao",5.08,3.17
"1257","PISCAR","Valencia",6.38,1.86
"1258","PISCAR","Ativacao",3.26,2.38
"1259","PISTOLA","Valencia",2.18,1.82
"1260","PISTOLA","Ativacao",5.83,3.03
"1261","PIZZA","Valencia",8.35,1.18
"1262","PIZZA","Ativacao",4.16,3.3
"1263","PLANÍCIE","Valencia",6.24,1.95
"1264","PLANÍCIE","Ativacao",3.17,2.43
"1265","PLANO","Valencia",7.11,1.91
"1266","PLANO","Ativacao",4.96,2.75
"1267","PLANTA","Valencia",7.83,1.53
"1268","PLANTA","Ativacao",3.22,2.74
"1269","POBREZA","Valencia",1.41,1.18
"1270","POBREZA","Ativacao",5.83,2.79
"1271","PODER","Valencia",5.53,2.58
"1272","PODER","Ativacao",5.39,2.63
"1273","SOLIDÃO","Valencia",1.58,1.28
"1274","SOLIDÃO","Ativacao",5.37,2.82
"1275","SOLITÁRIO","Valencia",2.47,2.09
"1276","SOLITÁRIO","Ativacao",5.28,2.95
"1277","SOMBRA","Valencia",6.19,2.15
"1278","SOMBRA","Ativacao",3.49,2.38
"1279","SOMBRINHA","Valencia",5.09,2.09
"1280","SOMBRINHA","Ativacao",3.78,2.32
"1281","SONHO","Valencia",7.59,1.93
"1282","SONHO","Ativacao",4.36,3.03
"1283","SONO","Valencia",6.1,2.63
"1284","SONO","Ativacao",3.22,2.74
"1285","SÓRDIDO","Valencia",2.9,2.1
"1286","SÓRDIDO","Ativacao",4.55,2.57
"1287","SORRISO","Valencia",8.5,1.33
"1288","SORRISO","Ativacao",4.15,3.49
"1289","SORTUDO","Valencia",7.46,2.01
"1290","SORTUDO","Ativacao",4.51,2.96
"1291","SOZINHO","Valencia",2.47,2.04
"1292","SOZINHO","Ativacao",4.96,3.03
"1293","SUAVE","Valencia",7.79,1.59
"1294","SUAVE","Ativacao",3.23,2.84
"1295","SUBJUGADO","Valencia",2.95,1.99
"1296","SUBJUGADO","Ativacao",5.36,2.69
"1297","SUCESSO","Valencia",8.25,1.51
"1298","SUCESSO","Ativacao",5.31,3.18
"1299","SUFOCAR","Valencia",2.05,1.85
"1300","SUFOCAR","Ativacao",6.61,2.59
"1301","SUICÍDIO","Valencia",1.35,1.44
"1302","SUICÍDIO","Ativacao",5.13,3.38
"1303","SUJEIRA","Valencia",1.9,1.83
"1304","SUJEIRA","Ativacao",5.86,2.82
"1305","SUJO","Valencia",2.43,1.99
"1306","SUJO","Ativacao",5.49,2.75
"1307","SURPRESO","Valencia",6.6,2.15
"1308","SURPRESO","Ativacao",5.36,2.49
"1309","SURRA","Valencia",1.94,1.95
"1310","SURRA","Ativacao",5.55,3.12
"1311","SUSPEITO","Valencia",3.14,2.08
"1312","SUSPEITO","Ativacao",5.64,2.49
"1313","TABACO","Valencia",2.04,1.86
"1314","TABACO","Ativacao",5.35,3.18
"1315","TALENTO","Valencia",8.31,1.2
"1316","TALENTO","Ativacao",5.04,3.29
"1317","TANQUE","Valencia",4.64,2.27
"1318","TANQUE","Ativacao",3.74,2.31
"1319","TAPA","Valencia",2.22,1.91
"1320","TAPA","Ativacao",6.19,2.59
"1321","TÁXI","Valencia",5.1,2.08
"1322","TÁXI","Ativacao",3.71,2.39
"1323","TECIDO","Valencia",5.97,1.91
"1324","TECIDO","Ativacao",3.37,1.88
"1325","TÉDIO","Valencia",2.69,2.01
"1326","TÉDIO","Ativacao",5.32,2.6
"1327","TELEVISÃO","Valencia",6.69,2.21
"1328","TELEVISÃO","Ativacao",4.21,2.76
"1329","TEMIDO","Valencia",4.23,2.02
"1330","TEMIDO","Ativacao",4.72,2.23
"1331","TEMÍVEL","Valencia",2.95,2.13
"1332","TEMÍVEL","Ativacao",5.72,2.44
"1333","TEMPERAMENTAL","Valencia",4.37,1.89
"1334","TEMPERAMENTAL","Ativacao",4.94,2.16
"1335","TEMPESTADE","Valencia",3.49,2.44
"1336","TEMPESTADE","Ativacao",5.53,2.84
"1337","TEMPO","Valencia",5.66,2.2
"1338","TEMPO","Ativacao",5.25,2.43
"1339","TÊNIS","Valencia",6.49,1.86
"1340","TÊNIS","Ativacao",2.83,2.13
"1341","TENSO","Valencia",2.52,1.61
"1342","TENSO","Ativacao",6.63,2.3
"1343","TEORIA","Valencia",5.65,1.93
"1344","TEORIA","Ativacao",3.45,2.28
"1345","TERMÔMETRO","Valencia",4.49,1.72
"1346","TERMÔMETRO","Ativacao",3.33,2.04
"1347","TERRA","Valencia",7.76,1.93
"1348","TERRA","Ativacao",4.09,2.92
"1349","TERRÍVEL","Valencia",2.12,1.68
"1350","TERRÍVEL","Ativacao",6.41,2.48
"1351","TERRORISTA","Valencia",1.45,1.15
"1352","TERRORISTA","Ativacao",6.35,2.88
"1353","TESOURA","Valencia",4.62,1.72
"1354","TESOURA","Ativacao",3.25,2.34
"1355","TESOURO","Valencia",7.6,1.92
"1356","TESOURO","Ativacao",4.61,3.16
"1357","TÍMIDO","Valencia",4.12,2.3
"1358","TÍMIDO","Ativacao",4.78,2.66
"1359","TINTA","Valencia",6.18,1.68
"1360","TINTA","Ativacao",2.78,2.36
"1361","TIO","Valencia",6.9,2.21
"1362","TIO","Ativacao",2.82,2.37
"1363","TOBOGÃ","Valencia",4.88,3.03
"1364","TOBOGÃ","Ativacao",5.59,2.93
"1365","TOLO","Valencia",2.71,1.62
"1366","TOLO","Ativacao",4.38,2.61
"1367","TORNADO","Valencia",2.41,1.73
"1368","TORNADO","Ativacao",5.89,2.8
"1369","TORNOZELO","Valencia",5.49,1.75
"1370","TORNOZELO","Ativacao",2.84,2.35
"1371","TORRE","Valencia",5.51,1.96
"1372","TORRE","Ativacao",3.82,2.56
"1373","TORTA","Valencia",7.71,1.76
"1374","TORTA","Ativacao",3.92,2.98
"1375","TORTURA","Valencia",1.32,0.9
"1376","TORTURA","Ativacao",7.35,2.37
"1377","TÓXICO","Valencia",1.8,1.68
"1378","TÓXICO","Ativacao",5.53,2.85
"1379","TRAGÉDIA","Valencia",1.38,0.98
"1380","TRAGÉDIA","Ativacao",7.09,2.36
"1381","TRAIDOR","Valencia",1.29,1.09
"1382","TRAIDOR","Ativacao",7.16,2.69
"1383","TRAIR","Valencia",1.4,1.12
"1384","TRAIR","Ativacao",7.24,2.59
"1385","TRANQUILAMENTE","Valencia",7.89,1.88
"1386","TRANQUILAMENTE","Ativacao",2.49,2.66
"1387","TRANQÜILO","Valencia",8.07,1.75
"1388","TRANQÜILO","Ativacao",2.22,2.26
"1389","TRATAR","Valencia",6.55,2.06
"1390","TRATAR","Ativacao",3.31,2.31
"1391","TRAUMA","Valencia",1.86,1.4
"1392","TRAUMA","Ativacao",6.43,2.61
"1393","TRAVESSEIRO","Valencia",8.19,1.56
"1394","TRAVESSEIRO","Ativacao",2.58,2.8
"1395","CACHOEIRA","Valencia",8.14,1.65
"1396","CACHOEIRA","Ativacao",3.84,3.35
"1397","CACHORRO","Valencia",7.98,1.46
"1398","CACHORRO","Ativacao",3.98,2.8
"1399","CADÁVER","Valencia",1.7,1.63
"1400","CADÁVER","Ativacao",6.08,2.95
"1401","CADEIA","Valencia",2.02,1.97
"1402","CADEIA","Ativacao",5.7,3.2
"1403","CADEIRA","Valencia",6.3,1.81
"1404","CADEIRA","Ativacao",2.76,1.72
"1405","CADERNO","Valencia",5.76,1.85
"1406","CADERNO","Ativacao",4.02,2.15
"1407","CAIXÃO","Valencia",1.92,1.85
"1408","CAIXÃO","Ativacao",6.08,3.13
"1409","CALOR","Valencia",6.14,2.68
"1410","CALOR","Ativacao",5.35,2.76
"1411","CAMA","Valencia",8.08,1.36
"1412","CAMA","Ativacao",3.28,2.93
"1413","CAMINHÃO","Valencia",4.96,1.76
"1414","CAMINHÃO","Ativacao",4.27,2.25
"1415","CAMPEÃO","Valencia",8.43,1.21
"1416","CAMPEÃO","Ativacao",5.03,3.34
"1417","CAMPO","Valencia",7.61,1.78
"1418","CAMPO","Ativacao",3.09,2.79
"1419","CANÇÃO","Valencia",8.35,1.53
"1420","CANÇÃO","Ativacao",3.7,3.31
"1421","CÂNCER","Valencia",1.49,1.19
"1422","CÂNCER","Ativacao",6.98,2.84
"1423","CANHÃO","Valencia",2.38,1.99
"1424","CANHÃO","Ativacao",5.78,2.62
"1425","CANSADO","Valencia",2.39,1.88
"1426","CANSADO","Ativacao",5.39,3.26
"1427","CAOS","Valencia",2.05,2
"1428","CAOS","Ativacao",6.51,2.79
"1429","CAPAZ","Valencia",7.63,1.88
"1430","CAPAZ","Ativacao",4.89,2.95
"1431","CARCAÇA","Valencia",3.75,2.23
"1432","CARCAÇA","Ativacao",4.29,2.72
"1433","CÁRCERE","Valencia",1.89,1.55
"1434","CÁRCERE","Ativacao",5.95,2.84
"1435","CARÍCIA","Valencia",8.78,0.58
"1436","CARÍCIA","Ativacao",4.42,3.51
"1437","CÁRIE","Valencia",2.27,1.92
"1438","CÁRIE","Ativacao",5.71,2.91
"1439","CARINHOSO","Valencia",8.73,0.8
"1440","CARINHOSO","Ativacao",4.42,3.52
"1441","CAROÇO","Valencia",3.81,1.83
"1442","CAROÇO","Ativacao",4.49,2.77
"1443","CARRO","Valencia",7.95,1.78
"1444","CARRO","Ativacao",4.36,3.19
"1445","CARTA","Valencia",7.02,2.05
"1446","CARTA","Ativacao",4.2,2.37
"1447","CASA","Valencia",8.14,1.58
"1448","CASA","Ativacao",3.35,2.99
"1449","CASAL","Valencia",7.84,1.91
"1450","CASAL","Ativacao",4.09,3.05
"1451","CASAMENTO","Valencia",7.59,2.03
"1452","CASAMENTO","Ativacao",4.57,3.27
"1453","CASSINO","Valencia",5.21,2.71
"1454","CASSINO","Ativacao",4.98,2.71
"1455","CAVALO","Valencia",6.89,1.93
"1456","CAVALO","Ativacao",3.24,2.68
"1457","CAVEIRA","Valencia",2.61,1.77
"1458","CAVEIRA","Ativacao",5.07,2.75
"1459","CÉDULA","Valencia",7.43,2.1
"1460","CÉDULA","Ativacao",4.76,2.86
"1461","CEFALÉIA","Valencia",2.92,1.89
"1462","CEFALÉIA","Ativacao",5.47,2.67
"1463","CEGO","Valencia",2.35,1.87
"1464","CEGO","Ativacao",4.68,2.65
"1465","CÉLULA","Valencia",5.06,2.06
"1466","CÉLULA","Ativacao",3.02,2.2
"1467","CEMITÉRIO","Valencia",2.22,1.9
"1468","CEMITÉRIO","Ativacao",5.27,3.06
"1469","CESTA","Valencia",6.06,1.71
"1470","CESTA","Ativacao",3.33,2.28
"1471","CÉTICO","Valencia",4.89,1.8
"1472","CÉTICO","Ativacao",3.61,1.96
"1473","CÉU","Valencia",8.1,1.21
"1474","CÉU","Ativacao",2.76,2.3
"1475","CHACINA","Valencia",1.43,1.48
"1476","CHACINA","Ativacao",6.86,2.78
"1477","CHALEIRA","Valencia",5.19,1.7
"1478","CHALEIRA","Ativacao",3.02,2.16
"1479","CHAMUSCAR","Valencia",4.46,2.1
"1480","CHAMUSCAR","Ativacao",4.24,2.37
"1481","CHANTAGEM","Valencia",1.61,1.44
"1482","CHANTAGEM","Ativacao",6.84,2.77
"1483","CHAPÉU","Valencia",6.16,1.85
"1484","CHAPÉU","Ativacao",2.54,1.74
"1485","CHARME","Valencia",7.63,1.77
"1486","CHARME","Ativacao",5.35,2.75
"1487","CHATEAÇÃO","Valencia",2.3,2.28
"1488","CHATEAÇÃO","Ativacao",6,2.7
"1489","CHAVE","Valencia",5.46,1.79
"1490","CHAVE","Ativacao",3.36,2.4
"1491","CHOCALHO","Valencia",5.73,1.94
"1492","CHOCALHO","Ativacao",3.12,2.29
"1493","CHOCOLATE","Valencia",8.08,1.4
"1494","CHOCOLATE","Ativacao",4.88,3.03
"1495","CHUTE","Valencia",4.4,2.4
"1496","CHUTE","Ativacao",4.27,2.75
"1497","CHUVA","Valencia",5.54,2.51
"1498","CHUVA","Ativacao",4.47,2.73
"1499","CICATRIZ","Valencia",3.23,1.99
"1500","CICATRIZ","Ativacao",3.98,2.6
"1501","CICLONE","Valencia",2.67,1.99
"1502","CICLONE","Ativacao",6.04,2.77
"1503","CIDADE","Valencia",6.41,2.12
"1504","CIDADE","Ativacao",4.71,2.7
"1505","CINEMA","Valencia",8.25,1.4
"1506","CINEMA","Ativacao",4.75,3.3
"1507","CIRCO","Valencia",6.77,2.08
"1508","CIRCO","Ativacao",3.1,2.49
"1509","CÍRCULO","Valencia",5.29,1.49
"1510","CÍRCULO","Ativacao",3.71,2.31
"1511","CIRURGIA","Valencia",2.85,2.34
"1512","CIRURGIA","Ativacao",5.81,2.8
"1513","CIÚME","Valencia",2.86,1.84
"1514","CIÚME","Ativacao",6.05,2.45
"1515","COBERTURA","Valencia",7.33,1.74
"1516","COBERTURA","Ativacao",3.57,3.08
"1517","COBRA","Valencia",2.68,1.86
"1518","COBRA","Ativacao",6.16,2.73
"1519","COELHINHO","Valencia",7.31,1.68
"1520","COELHINHO","Ativacao",2.83,2.5
"1521","COELHO","Valencia",6.96,1.7
"1522","COELHO","Ativacao",3.41,2.5
"1523","COFRE","Valencia",6.13,1.83
"1524","COFRE","Ativacao",3.63,2.84
"1525","COGUMELO","Valencia",5.35,1.64
"1526","COGUMELO","Ativacao",3.35,2.36
"1527","COLETE","Valencia",4.63,1.92
"1528","COLETE","Ativacao",3,2.33
"1529","COLISÃO","Valencia",2.4,1.75
"1530","COLISÃO","Ativacao",6.16,2.66
"1531","COLUNA","Valencia",4.65,2.1
"1532","COLUNA","Ativacao",3.92,3.03
"1533","COMÉDIA","Valencia",8.39,1.25
"1534","COMÉDIA","Ativacao",4.4,3.29
"1535","COMER","Valencia",7.42,2.22
"1536","COMER","Ativacao",4.58,2.94
"1537","COMPLACENTE","Valencia",4.71,1.5
"1538","COMPLACENTE","Ativacao",3.95,2.26
"1539","ESCORPIÃO","Valencia",3.53,2.11
"1540","ESCORPIÃO","Ativacao",4.61,2.91
"1541","ESCRAVO","Valencia",2.36,2.21
"1542","ESCRAVO","Ativacao",5.82,2.93
"1543","ESCRITOR","Valencia",7.02,1.92
"1544","ESCRITOR","Ativacao",2.57,1.81
"1545","ESCRITÓRIO","Valencia",5.7,2.18
"1546","ESCRITÓRIO","Ativacao",4.41,2.39
"1547","ESCURO","Valencia",4.49,2.26
"1548","ESCURO","Ativacao",3.67,2.86
"1549","ESFERA","Valencia",5.43,1.65
"1550","ESFERA","Ativacao",3.53,2.43
"1551","ESFOMEADO","Valencia",3.61,2.66
"1552","ESFOMEADO","Ativacao",5.22,2.89
"1553","ESMAGADO","Valencia",2.54,1.85
"1554","ESMAGADO","Ativacao",5.46,2.69
"1555","ESNOBE","Valencia",1.96,1.41
"1556","ESNOBE","Ativacao",5.22,3.03
"1557","ESPAÇO","Valencia",6.88,2.13
"1558","ESPAÇO","Ativacao",4.39,2.79
"1559","ESPANTADO","Valencia",4.47,1.93
"1560","ESPANTADO","Ativacao",4.8,2.87
"1561","ESPERANÇA","Valencia",8.29,1.37
"1562","ESPERANÇA","Ativacao",5.04,3.11
"1563","ESPERANÇOSO","Valencia",7.55,1.87
"1564","ESPERANÇOSO","Ativacao",4.08,2.76
"1565","ESPINGARDA","Valencia",2.82,2.28
"1566","ESPINGARDA","Ativacao",5.66,2.85
"1567","ESPINHO","Valencia",2.98,1.7
"1568","ESPINHO","Ativacao",4.45,2.89
"1569","ESPÍRITO","Valencia",6.87,2.04
"1570","ESPÍRITO","Ativacao",4.27,2.7
"1571","ESPOSA","Valencia",5.8,2.34
"1572","ESPOSA","Ativacao",3.71,2.72
"1573","ESPUMA","Valencia",6.77,1.95
"1574","ESPUMA","Ativacao",3.71,2.75
"1575","ESQUINA","Valencia",4.67,1.45
"1576","ESQUINA","Ativacao",3.27,2.48
"1577","ESTAGNADO","Valencia",3.54,1.97
"1578","ESTAGNADO","Ativacao",4.86,2.31
"1579","ESTÁTUA","Valencia",4.88,2.06
"1580","ESTÁTUA","Ativacao",2.53,2.22
"1581","ESTERCO","Valencia",3.26,1.93
"1582","ESTERCO","Ativacao",3.76,2.6
"1583","ESTÔMAGO","Valencia",5.14,2.15
"1584","ESTÔMAGO","Ativacao",3.71,2.45
"1585","ESTRANGEIRO","Valencia",6,1.91
"1586","ESTRANGEIRO","Ativacao",4.22,2.48
"1587","ESTRANHO","Valencia",4.58,1.73
"1588","ESTRANHO","Ativacao",5.16,1.93
"1589","ESTRELA","Valencia",7.75,2.01
"1590","ESTRELA","Ativacao",3.57,3.07
"1591","ESTRESSE","Valencia",2.22,1.77
"1592","ESTRESSE","Ativacao",6.51,2.77
"1593","ESTUPENDO","Valencia",3.88,3.47
"1594","ESTUPENDO","Ativacao",6.67,3.03
"1595","ESTÚPIDO","Valencia",2.21,1.98
"1596","ESTÚPIDO","Ativacao",6.18,2.71
"1597","ESTUPRO","Valencia",4.94,3.29
"1598","ESTUPRO","Ativacao",5.1,2.9
"1599","EVENTO","Valencia",7.03,2.4
"1600","EVENTO","Ativacao",4.51,2.93
"1601","EXAME","Valencia",4.22,2.13
"1602","EXAME","Ativacao",3.93,11.52
"1603","EXCELÊNCIA","Valencia",6.24,2.13
"1604","EXCELÊNCIA","Ativacao",4.35,2.41
"1605","EXCITAÇÃO","Valencia",7.73,1.75
"1606","EXCITAÇÃO","Ativacao",6.26,3.01
"1607","EXCURSÃO","Valencia",7.82,2.04
"1608","EXCURSÃO","Ativacao",4.85,3.15
"1609","EXECUÇÃO","Valencia",3.92,2.92
"1610","EXECUÇÃO","Ativacao",4.79,2.75
"1611","EXERCÍCIO","Valencia",6.68,2.36
"1612","EXERCÍCIO","Ativacao",4.7,2.82
"1613","EXÉRCITO","Valencia",4.67,2.3
"1614","EXÉRCITO","Ativacao",4.76,2.58
"1615","ÊXTASE","Valencia",7.34,1.92
"1616","ÊXTASE","Ativacao",5.44,2.77
"1617","EXULTANTE","Valencia",5.97,2.1
"1618","EXULTANTE","Ativacao",4.29,2.71
"1619","FACA","Valencia",3.9,1.96
"1620","FACA","Ativacao",5.21,2.45
"1621","FÁCIL","Valencia",7.31,2.16
"1622","FÁCIL","Ativacao",3.49,2.91
"1623","FAIXA","Valencia",4.67,1.14
"1624","FAIXA","Ativacao",4.24,1.64
"1625","FALCÃO","Valencia",5.82,2.04
"1626","FALCÃO","Ativacao",3.97,2.52
"1627","FALHA","Valencia",2.03,1.46
"1628","FALHA","Ativacao",6.93,2.18
"1629","FALIDO","Valencia",2,1.73
"1630","FALIDO","Ativacao",5.4,3.06
"1631","FALSO","Valencia",5.45,3.59
"1632","FALSO","Ativacao",5.03,3.27
"1633","FAMA","Valencia",6.73,2.04
"1634","FAMA","Ativacao",5.38,2.76
"1635","FAMÍLIA","Valencia",7.07,2.22
"1636","FAMÍLIA","Ativacao",4.09,3.05
"1637","FAMINTO","Valencia",2.94,2.54
"1638","FAMINTO","Ativacao",5.7,2.89
"1639","FAMOSO","Valencia",5.76,2.08
"1640","FAMOSO","Ativacao",4.24,2.23
"1641","FANTASIA","Valencia",7.06,2.08
"1642","FANTASIA","Ativacao",5.18,2.9
"1643","FAROL","Valencia",6.75,1.99
"1644","FAROL","Ativacao",5,2.7
"1645","FAROLETE","Valencia",5.2,1.81
"1646","FAROLETE","Ativacao",3.4,2.26
"1647","FASCINAR","Valencia",5.37,2.65
"1648","FASCINAR","Ativacao",4.39,2.51
"1649","FASE","Valencia",5.44,2.24
"1650","FASE","Ativacao",4.33,2.65
"1651","FATIGADO","Valencia",5.1,2.97
"1652","FATIGADO","Ativacao",4.72,3.06
"1653","FAVELA","Valencia",1.64,1.25
"1654","FAVELA","Ativacao",5.63,2.96
"1655","FAVOR","Valencia",7.62,1.78
"1656","FAVOR","Ativacao",3.75,2.71
"1657","FAVORITO","Valencia",7.27,2.07
"1658","FAVORITO","Ativacao",5.12,2.84
"1659","FAZENDA","Valencia",4.32,3.12
"1660","FAZENDA","Ativacao",4.43,3.08
"1661","FEBRE","Valencia",2.2,1.65
"1662","FEBRE","Ativacao",4.9,2.91
"1663","FEDOR","Valencia",5.58,3.61
"1664","FEDOR","Ativacao",5.43,3.43
"1665","FEITO","Valencia",3.17,2.25
"1666","FEITO","Ativacao",4.15,2.64
"1667","FELIZ","Valencia",8.69,1
"1668","FELIZ","Ativacao",4.13,3.44
"1669","FENO","Valencia",4.65,1.62
"1670","FENO","Ativacao",3.24,2.29
"1671","FERIADO","Valencia",4.99,3.49
"1672","FERIADO","Ativacao",4.55,3.23
"1673","FÉRIAS","Valencia",8.62,1.5
"1674","FÉRIAS","Ativacao",5.87,3.6
"1675","FERIDAS","Valencia",4.29,2.52
"1676","FERIDAS","Ativacao",4.65,2.51
"1677","FERIMENTO","Valencia",2.54,1.84
"1678","FERIMENTO","Ativacao",5.08,2.59
"1679","FERRAMENTA","Valencia",7.07,2.11
"1680","FERRAMENTA","Ativacao",4.78,2.79
"1681","FERRO","Valencia",4.91,1.72
"1682","FERRO","Ativacao",3.84,2.06
"1683","LANTERNA","Valencia",5.95,1.56
"1684","LANTERNA","Ativacao",3.06,2.21
"1685","LÁPIS","Valencia",6.24,1.62
"1686","LÁPIS","Ativacao",3.42,2.12
"1687","LAR","Valencia",8.23,1.73
"1688","LAR","Ativacao",3.43,2.88
"1689","LARVA","Valencia",3.07,1.89
"1690","LARVA","Ativacao",4.27,2.75
"1691","LEAL","Valencia",8.27,1.47
"1692","LEAL","Ativacao",3.21,2.7
"1693","LEÃO","Valencia",5.89,2.16
"1694","LEÃO","Ativacao",5.51,2.54
"1695","LEITE","Valencia",6.68,2.1
"1696","LEITE","Ativacao",3.01,2.35
"1697","LENDA","Valencia",6.36,1.69
"1698","LENDA","Ativacao",3.69,2.36
"1699","LENTO","Valencia",3.77,2.07
"1700","LENTO","Ativacao",4.66,2.98
"1701","LEPRA","Valencia",1.87,1.46
"1702","LEPRA","Ativacao",4.83,2.99
"1703","LÉSBICA","Valencia",4.01,1.9
"1704","LÉSBICA","Ativacao",3.65,2.72
"1705","LETÁRGICO","Valencia",3.93,1.77
"1706","LETÁRGICO","Ativacao",3.31,2.31
"1707","LETRA","Valencia",6.5,2
"1708","LETRA","Ativacao",3.4,2.57
"1709","LIBERDADE","Valencia",8.8,0.57
"1710","LIBERDADE","Ativacao",5.27,3.73
"1711","LÍDER","Valencia",6.92,1.96
"1712","LÍDER","Ativacao",4.27,2.89
"1713","LIGA","Valencia",5.88,1.47
"1714","LIGA","Ativacao",3.59,2.14
"1715","LINDO","Valencia",8.17,1.43
"1716","LINDO","Ativacao",3.9,3.31
"1717","LIVRAR","Valencia",6.26,2.16
"1718","LIVRAR","Ativacao",4.31,2.38
"1719","LIVRE","Valencia",8.37,1.48
"1720","LIVRE","Ativacao",3.95,3.29
"1721","LIVRO","Valencia",7.18,1.97
"1722","LIVRO","Ativacao",4.14,2.75
"1723","LIXO","Valencia",2.48,2.14
"1724","LIXO","Ativacao",5.14,3
"1725","LODO","Valencia",2.91,2.17
"1726","LODO","Ativacao",4.41,2.64
"1727","LOIRO","Valencia",5.97,1.95
"1728","LOIRO","Ativacao",3.37,2.48
"1729","LOTERIA","Valencia",7.03,2.15
"1730","LOTERIA","Ativacao",5.11,2.98
"1731","LOUCO","Valencia",3.87,2.33
"1732","LOUCO","Ativacao",4.9,2.79
"1733","LUCRO","Valencia",7.64,1.86
"1734","LUCRO","Ativacao",5.48,3.07
"1735","LUSTRE","Valencia",5.65,1.8
"1736","LUSTRE","Ativacao",2.58,1.92
"1737","LUTA","Valencia",5.66,2.81
"1738","LUTA","Ativacao",5.51,2.53
"1739","LUTO","Valencia",1.7,1.39
"1740","LUTO","Ativacao",5.32,3.15
"1741","LUXO","Valencia",6.82,1.9
"1742","LUXO","Ativacao",4.65,2.72
"1743","LUXÚRIA","Valencia",4.15,2.48
"1744","LUXÚRIA","Ativacao",4.71,2.92
"1745","LUZ","Valencia",7.96,1.64
"1746","LUZ","Ativacao",4.25,3.02
"1747","MACHUCADO","Valencia",2.38,1.75
"1748","MACHUCADO","Ativacao",5.65,2.9
"1749","MACIO","Valencia",7.74,1.79
"1750","MACIO","Ativacao",4.08,3.09
"1751","MÃE","Valencia",8.75,1.14
"1752","MÃE","Ativacao",3.31,3.2
"1753","MÁGICO","Valencia",7.38,1.83
"1754","MÁGICO","Ativacao",4.54,2.91
"1755","MAGOAR","Valencia",1.88,1.55
"1756","MAGOAR","Ativacao",5.94,3.2
"1757","MAL","Valencia",1.58,1.2
"1758","MAL","Ativacao",6.1,3.04
"1759","MALÁRIA","Valencia",2.12,1.6
"1760","MALÁRIA","Ativacao",5,3.16
"1761","MALCHEIROSO","Valencia",1.8,1.34
"1762","MALCHEIROSO","Ativacao",4.89,3.04
"1763","MALÍCIA","Valencia",4.47,2.59
"1764","MALÍCIA","Ativacao",4.43,2.89
"1765","MALUCO","Valencia",4.31,2.66
"1766","MALUCO","Ativacao",5.46,2.57
"1767","MALVADO","Valencia",2.09,1.78
"1768","MALVADO","Ativacao",5.77,2.91
"1769","MAMILO","Valencia",5.51,1.37
"1770","MAMILO","Ativacao",4.18,2.58
"1771","MANEIRA","Valencia",5.85,1.74
"1772","MANEIRA","Ativacao",3.62,2.26
"1773","MANÍACO","Valencia",1.95,1.74
"1774","MANÍACO","Ativacao",6.24,3.03
"1775","MANSO","Valencia",6.73,2.02
"1776","MANSO","Ativacao",2.96,2.25
"1777","MANTEIGA","Valencia",5.68,2.11
"1778","MANTEIGA","Ativacao",3.25,2.3
"1779","MÃO","Valencia",6.88,2.07
"1780","MÃO","Ativacao",2.95,2.42
"1781","MÁQUINA","Valencia",5.61,1.77
"1782","MÁQUINA","Ativacao",3.96,2.5
"1783","MARAVILHA","Valencia",6.8,2.37
"1784","MARAVILHA","Ativacao",3.72,2.83
"1785","MAREADO","Valencia",4.78,1.48
"1786","MAREADO","Ativacao",3.35,2.22
"1787","MARICAS","Valencia",4.23,1.87
"1788","MARICAS","Ativacao",3.26,2.26
"1789","MARTELO","Valencia",5.04,1.55
"1790","MARTELO","Ativacao",3.3,2.24
"1791","MASSA","Valencia",7.13,2.18
"1792","MASSA","Ativacao",2.99,2.46
"1793","MASSACRE","Valencia",1.31,0.92
"1794","MASSACRE","Ativacao",5.94,3.26
"1795","MASTIGAR","Valencia",6.62,2.01
"1796","MASTIGAR","Ativacao",3.35,2.5
"1797","MASTURBAR","Valencia",5.6,2.28
"1798","MASTURBAR","Ativacao",5.21,2.87
"1799","MATADOR","Valencia",1.49,1.11
"1800","MATADOR","Ativacao",6.69,3.21
"1801","MATERIAL","Valencia",6.07,1.85
"1802","MATERIAL","Ativacao",3.37,2.06
"1803","MEDO","Valencia",2.13,1.77
"1804","MEDO","Ativacao",6.36,3.05
"1805","MEL","Valencia",7.28,2.15
"1806","MEL","Ativacao",3.48,2.7
"1807","MELHORAR","Valencia",8.21,1.55
"1808","MELHORAR","Ativacao",4.58,3.02
"1809","MELODIA","Valencia",7.73,1.66
"1810","MELODIA","Ativacao",4.51,3.22
"1811","MEMÓRIA","Valencia",6.36,2.33
"1812","MEMÓRIA","Ativacao",4.43,2.75
"1813","MEMÓRIAS","Valencia",6.96,2.43
"1814","MEMÓRIAS","Ativacao",5.14,2.98
"1815","MENINA","Valencia",7.1,1.77
"1816","MENINA","Ativacao",3.26,2.54
"1817","MENINO","Valencia",7.36,1.81
"1818","MENINO","Ativacao",4.77,2.75
"1819","MENOSPREZADO","Valencia",2.03,1.89
"1820","MENOSPREZADO","Ativacao",6.05,3.15
"1821","MENSAGEIRO","Valencia",6.05,1.58
"1822","MENSAGEIRO","Ativacao",3.97,2.21
"1823","MENTE","Valencia",7.03,2.01
"1824","MENTE","Ativacao",3.91,2.85
"1825","MENTIRA","Valencia",1.35,0.97
"1826","MENTIRA","Ativacao",6.28,3.07
"1827","PODEROSO","Valencia",6.09,2.17
"1828","PODEROSO","Ativacao",4.88,2.64
"1829","PODRE","Valencia",1.81,1.58
"1830","PODRE","Ativacao",5.1,3.05
"1831","POENTE","Valencia",6.75,2.08
"1832","POENTE","Ativacao",3.23,2.37
"1833","POESIA","Valencia",7.66,1.74
"1834","POESIA","Ativacao",3.13,2.76
"1835","POLUIR","Valencia",1.51,1.14
"1836","POLUIR","Ativacao",6.05,2.91
"1837","POMBA","Valencia",6.04,2.37
"1838","POMBA","Ativacao",2.97,2.25
"1839","PORÃO","Valencia",3.86,1.91
"1840","PORÃO","Ativacao",4.22,2.6
"1841","PORCO","Valencia",4.29,1.94
"1842","PORCO","Ativacao",3.6,2.45
"1843","PORTA","Valencia",5.92,1.95
"1844","PORTA","Ativacao",3.97,2.49
"1845","PÔSTER","Valencia",6.05,2.12
"1846","PÔSTER","Ativacao",3.51,2.34
"1847","POVO","Valencia",6.22,2.27
"1848","POVO","Ativacao",4.87,2.46
"1849","PRADARIA","Valencia",5.77,1.98
"1850","PRADARIA","Ativacao",3.51,2.43
"1851","PRAIA","Valencia",8.29,1.43
"1852","PRAIA","Ativacao",4.64,3.58
"1853","PRANTO","Valencia",2.52,2.01
"1854","PRANTO","Ativacao",5.49,2.71
"1855","PRAZER","Valencia",8.65,1.05
"1856","PRAZER","Ativacao",5.29,3.63
"1857","PREGUIÇOSO","Valencia",3.66,2.31
"1858","PREGUIÇOSO","Ativacao",4.14,2.65
"1859","PREJUDICADO","Valencia",2.13,1.52
"1860","PREJUDICADO","Ativacao",5.59,2.73
"1861","PREJUDICAR","Valencia",1.68,1.22
"1862","PREJUDICAR","Ativacao",6.04,2.95
"1863","PRESENTE","Valencia",8.33,1.31
"1864","PRESENTE","Ativacao",4.81,3.22
"1865","PRESSÃO","Valencia",3.16,2.09
"1866","PRESSÃO","Ativacao",5.9,2.83
"1867","PRESTÍGIO","Valencia",7.75,2.01
"1868","PRESTÍGIO","Ativacao",4.3,3.03
"1869","PRETO","Valencia",5.26,2.19
"1870","PRETO","Ativacao",3.85,2.35
"1871","PRIMAVERA","Valencia",8.33,1.18
"1872","PRIMAVERA","Ativacao",3.76,3.3
"1873","PRIMO","Valencia",6.63,2.29
"1874","PRIMO","Ativacao",3.62,2.51
"1875","PRISÃO","Valencia",1.68,1.39
"1876","PRISÃO","Ativacao",5.79,3
"1877","PRIVAÇÃO","Valencia",2.86,2.16
"1878","PRIVAÇÃO","Ativacao",5.53,2.66
"1879","PRIVACIDADE","Valencia",7.99,1.54
"1880","PRIVACIDADE","Ativacao",3.73,2.97
"1881","PROBLEMA","Valencia",2.17,1.74
"1882","PROBLEMA","Ativacao",6.14,2.75
"1883","PROCESSO","Valencia",4.31,2.27
"1884","PROCESSO","Ativacao",4.97,2.54
"1885","PROEMINENTE","Valencia",5.43,1.58
"1886","PROEMINENTE","Ativacao",4.1,2.21
"1887","PROFESSOR","Valencia",6.74,1.95
"1888","PROFESSOR","Ativacao",4.54,2.51
"1889","PROGRESSO","Valencia",7.9,1.89
"1890","PROGRESSO","Ativacao",4.76,3.09
"1891","PROMOÇÃO","Valencia",7.89,1.88
"1892","PROMOÇÃO","Ativacao",4.9,3.07
"1893","PRÓSPERO","Valencia",7.78,1.92
"1894","PRÓSPERO","Ativacao",4.44,3.11
"1895","PROSTITUTA","Valencia",2.58,2.03
"1896","PROSTITUTA","Ativacao",4.55,2.98
"1897","PROTEGIDO","Valencia",7.26,2.21
"1898","PROTEGIDO","Ativacao",3.45,2.7
"1899","PROVA","Valencia",4.21,2.43
"1900","PROVA","Ativacao",6.85,2.33
"1901","PULGA","Valencia",2.68,2.01
"1902","PULGA","Ativacao",4.3,3.11
"1903","PULVERIZADOR","Valencia",4.72,1.82
"1904","PULVERIZADOR","Ativacao",3.88,2.3
"1905","PUNIÇÃO","Valencia",2.89,2.17
"1906","PUNIÇÃO","Ativacao",5.44,2.88
"1907","PUS","Valencia",2.74,1.85
"1908","PUS","Ativacao",4.77,2.73
"1909","PÚTRIDO","Valencia",3.25,2.07
"1910","PÚTRIDO","Ativacao",4.16,2.59
"1911","QUADRADO","Valencia",5.18,1.95
"1912","QUADRADO","Ativacao",2.95,1.97
"1913","QUADRO","Valencia",5.87,1.85
"1914","QUADRO","Ativacao",3.8,2.22
"1915","QUALIDADE","Valencia",8.29,1.43
"1916","QUALIDADE","Ativacao",4.61,3.2
"1917","QUEBRADO","Valencia",2.57,1.78
"1918","QUEBRADO","Ativacao",5.23,2.64
"1919","QUEDA","Valencia",2.6,2
"1920","QUEDA","Ativacao",5.84,2.59
"1921","QUEIMADURA","Valencia",1.94,1.58
"1922","QUEIMADURA","Ativacao",5.54,3.05
"1923","QUEIXO","Valencia",5.79,1.56
"1924","QUEIXO","Ativacao",2.97,2.02
"1925","QUERIDO","Valencia",8.36,1.2
"1926","QUERIDO","Ativacao",4.01,3.16
"1927","QUEROSENE","Valencia",4.04,1.87
"1928","QUEROSENE","Ativacao",3.78,2.53
"1929","QUIETO","Valencia",5.23,2.02
"1930","QUIETO","Ativacao",3.21,2.15
"1931","QUIMIOTERAPIA","Valencia",1.97,1.91
"1932","QUIMIOTERAPIA","Ativacao",5.61,3.18
"1933","RÃ","Valencia",4.01,2.05
"1934","RÃ","Ativacao",4.11,2.87
"1935","RADIADOR","Valencia",4.75,1.95
"1936","RADIADOR","Ativacao",3.63,2.31
"1937","RADIANTE","Valencia",8.08,1.61
"1938","RADIANTE","Ativacao",4.7,3.28
"1939","RÁDIO","Valencia",7.84,1.7
"1940","RÁDIO","Ativacao",4.12,3.13
"1941","RAINHA","Valencia",6.27,1.95
"1942","RAINHA","Ativacao",3.99,2.52
"1943","RAIVA","Valencia",1.97,1.72
"1944","RAIVA","Ativacao",7.13,2.49
"1945","RALÉ","Valencia",2.94,1.81
"1946","RALÉ","Ativacao",3.96,2.36
"1947","RANÇOSO","Valencia",2.49,1.82
"1948","RANÇOSO","Ativacao",5.16,2.57
"1949","RÁPIDO","Valencia",6.32,2.23
"1950","RÁPIDO","Ativacao",5.37,2.64
"1951","RATO","Valencia",3.19,2.09
"1952","RATO","Ativacao",5.18,2.87
"1953","RAZÃO","Valencia",6.49,2.25
"1954","RAZÃO","Ativacao",4.56,2.4
"1955","REALIZAÇÃO","Valencia",8.51,1.07
"1956","REALIZAÇÃO","Ativacao",5.23,3.47
"1957","RECEOSO","Valencia",3.89,1.86
"1958","RECEOSO","Ativacao",4.51,2.37
"1959","RECOMPENSA","Valencia",7.59,2.16
"1960","RECOMPENSA","Ativacao",4.96,3.05
"1961","RECREIO","Valencia",7.65,1.86
"1962","RECREIO","Ativacao",4.1,2.96
"1963","REFÉM","Valencia",1.84,1.55
"1964","REFÉM","Ativacao",6.55,2.61
"1965","REFRESCO","Valencia",7.86,1.64
"1966","REFRESCO","Ativacao",3.38,2.91
"1967","REI","Valencia",5.73,2.22
"1968","REI","Ativacao",3.71,2.46
"1969","REJEITADO","Valencia",1.61,1.24
"1970","REJEITADO","Ativacao",5.85,2.73
"1971","TRAVESSURA","Valencia",6.56,1.87
"1972","TRAVESSURA","Ativacao",4.84,2.52
"1973","TREVAS","Valencia",1.74,1.46
"1974","TREVAS","Ativacao",5.46,2.99
"1975","TRISTE","Valencia",1.73,1.29
"1976","TRISTE","Ativacao",5.28,2.8
"1977","TRIUNFANTE","Valencia",8.14,1.42
"1978","TRIUNFANTE","Ativacao",4.99,3.24
"1979","TRIUNFO","Valencia",7.93,1.52
"1980","TRIUNFO","Ativacao",4.63,3.01
"1981","TROFÉU","Valencia",8.04,1.65
"1982","TROFÉU","Ativacao",4.71,3.4
"1983","TROMPETE","Valencia",5.84,2.04
"1984","TROMPETE","Ativacao",3.54,2.49
"1985","TRONCO","Valencia",5.44,1.77
"1986","TRONCO","Ativacao",2.93,2.16
"1987","TUBARÃO","Valencia",3.4,2.19
"1988","TUBARÃO","Ativacao",6.21,2.64
"1989","TUMOR","Valencia",1.44,1.23
"1990","TUMOR","Ativacao",6.29,3.1
"1991","TÚMULO","Valencia",2.06,1.84
"1992","TÚMULO","Ativacao",5.39,2.87
"1993","ÚLCERA","Valencia",1.54,1.04
"1994","ÚLCERA","Ativacao",6,3.06
"1995","ULTRAJE","Valencia",3.71,1.78
"1996","ULTRAJE","Ativacao",4.22,2.39
"1997","UNIDADE","Valencia",5.76,2.26
"1998","UNIDADE","Ativacao",2.94,2.48
"1999","UNTENSÍLIO","Valencia",6.63,1.6
"2000","UNTENSÍLIO","Ativacao",3.01,2.32
"2001","URINA","Valencia",5.38,2.21
"2002","URINA","Ativacao",3.14,2.61
"2003","ÚTIL","Valencia",8.02,1.41
"2004","ÚTIL","Ativacao",3.71,2.89
"2005","VACA","Valencia",6.29,2.12
"2006","VACA","Ativacao",2.61,2.17
"2007","VAGÃO","Valencia",4.97,1.72
"2008","VAGÃO","Ativacao",3.81,2.55
"2009","VAGINA","Valencia",6.8,2.02
"2010","VAGINA","Ativacao",4.06,3.08
"2011","VAIDADE","Valencia",6.18,2.13
"2012","VAIDADE","Ativacao",4.55,2.42
"2013","VAMPIRO","Valencia",3.55,2.06
"2014","VAMPIRO","Ativacao",4.38,2.92
"2015","VÂNDALO","Valencia",1.76,1.32
"2016","VÂNDALO","Ativacao",6.28,2.89
"2017","VANTAGEM","Valencia",5.71,4.08
"2018","VANTAGEM","Ativacao",4.45,2.62
"2019","VARA","Valencia",3.24,1.27
"2020","VARA","Ativacao",3.66,2.5
"2021","VARÍOLA","Valencia",1.95,1.36
"2022","VARÍOLA","Ativacao",4.95,3.05
"2023","VEÍCULO","Valencia",7.41,1.73
"2024","VEÍCULO","Ativacao",4.45,2.61
"2025","VELEIRO","Valencia",6.57,1.99
"2026","VELEIRO","Ativacao",3.39,2.81
"2027","VELOZ","Valencia",6.23,2.06
"2028","VELOZ","Ativacao",5.18,2.66
"2029","VENCER","Valencia",8.55,1.35
"2030","VENCER","Ativacao",5.46,3.4
"2031","VENENO","Valencia",1.54,1.01
"2032","VENENO","Ativacao",6.77,2.59
"2033","VENTILADOR","Valencia",6.73,1.98
"2034","VENTILADOR","Ativacao",2.76,2.32
"2035","VERDADE","Valencia",8.56,1.3
"2036","VERDADE","Ativacao",3.46,3.08
"2037","VERDE","Valencia",7.39,2
"2038","VERDE","Ativacao",3.26,2.9
"2039","VERMELHO","Valencia",5.84,2.63
"2040","VERMELHO","Ativacao",4.94,2.85
"2041","VESPA","Valencia",3.63,2.18
"2042","VESPA","Ativacao",4.5,3.08
"2043","VESTIBULAR","Valencia",4.93,2.94
"2044","VESTIBULAR","Ativacao",6.65,2.44
"2045","VESTIDO","Valencia",6.69,2.05
"2046","VESTIDO","Ativacao",3.63,2.68
"2047","VESTUÁRIO","Valencia",6.8,1.84
"2048","VESTUÁRIO","Ativacao",3.91,2.7
"2049","VIAGEM","Valencia",8.55,1.22
"2050","VIAGEM","Ativacao",5.26,3.39
"2051","VIBRAÇÃO","Valencia",6.96,1.95
"2052","VIBRAÇÃO","Ativacao",5.76,2.86
"2053","VICIADO","Valencia",1.46,1.23
"2054","VICIADO","Ativacao",5.73,2.99
"2055","VÍCIO","Valencia",2.16,1.72
"2056","VÍCIO","Ativacao",5.82,2.93
"2057","VIDA","Valencia",8.63,1.01
"2058","VIDA","Ativacao",5.45,3.53
"2059","VIDRO","Valencia",4.96,1.37
"2060","VIDRO","Ativacao",3.49,2.13
"2061","VIGIAR","Valencia",4.13,2.07
"2062","VIGIAR","Ativacao",4.91,2.83
"2063","VIGOROSO","Valencia",6.85,1.83
"2064","VIGOROSO","Ativacao",4.03,2.36
"2065","VILA","Valencia",4.94,2.2
"2066","VILA","Ativacao",3.89,2.5
"2067","VINHO","Valencia",7.19,2
"2068","VINHO","Ativacao",4.09,2.94
"2069","VIOLENTO","Valencia",1.46,1.1
"2070","VIOLENTO","Ativacao",6.49,2.95
"2071","VIOLINO","Valencia",6.42,2.34
"2072","VIOLINO","Ativacao",3.14,2.82
"2073","VIRGEM","Valencia",5.84,1.99
"2074","VIRGEM","Ativacao",3.09,2.52
"2075","VIRTUDE","Valencia",8.02,1.63
"2076","VIRTUDE","Ativacao",3.65,2.85
"2077","VISÃO","Valencia",7.33,2.32
"2078","VISÃO","Ativacao",3.89,2.87
"2079","VÍTIMA","Valencia",2.26,1.6
"2080","VÍTIMA","Ativacao",6.08,2.69
"2081","VITÓRIA","Valencia",8.74,0.67
"2082","VITÓRIA","Ativacao",5.36,3.45
"2083","VÍVIDO","Valencia",7.02,1.91
"2084","VÍVIDO","Ativacao",3.92,2.7
"2085","VIVO","Valencia",8.34,1.5
"2086","VIVO","Ativacao",4.7,3.21
"2087","VÔMITO","Valencia",2.31,1.5
"2088","VÔMITO","Ativacao",4.47,2.48
"2089","VULCÃO","Valencia",3.74,2.45
"2090","VULCÃO","Ativacao",5.5,2.72
"2091",NA,"Valencia",NA,NA
"2092",NA,"Ativacao",NA,NA
